_id,id,x,y,needsReview,needsCorrection,size,name,sources,createdAt,createdBy,isReviewed,topic_tier1
648d992b24f0f3dd81640894,108421104,732.2286761018869,512.5947544976115,FALSE,FALSE,2,increase_[]_extreme rainfall events_likelihood,,2023-06-17T11:29:47.000Z,Unknown,NA,extreme climate
648d992b24f0f3dd81640895,1498953135,1629.3194331994575,-544.00946390891,FALSE,FALSE,2,increase_[]_crisis_occurrence,,2023-06-17T11:29:47.000Z,Unknown,NA,?
648d992b24f0f3dd81640896,3309155279,1094.9685672395158,488.00238449756347,FALSE,FALSE,2,increase_[]_rain_falling on snow,,2023-06-17T11:29:47.000Z,Unknown,NA,precipitation
648d992b24f0f3dd81640897,2187554397,-1326.624911900231,-480.16725061074726,FALSE,FALSE,2,decrease_[]_animal_climatic constraints,,2023-06-17T11:29:47.000Z,Unknown,NA,biodiversity
648d992b24f0f3dd81640898,1175437479,44.053239692058924,590.8516796893593,FALSE,FALSE,2,increase_['coastal']_development_amount,,2023-06-17T11:29:47.000Z,Unknown,NA,economy
648d992b24f0f3dd81640899,3153747510,2396.585096807429,42.413557804099696,FALSE,FALSE,2,increase_[]_wind_damage,,2023-06-17T11:29:47.000Z,Unknown,NA,extreme climate
648d992b24f0f3dd8164089a,988352036,299.44915506481175,-353.0227438046705,FALSE,FALSE,2,increase_['contaminated with ciguatoxins']_fish_ingestion,,2023-06-17T11:29:47.000Z,Unknown,NA,fishery
648d992b24f0f3dd8164089b,1230104579,2253.2438983662632,382.17487733852107,FALSE,FALSE,2,increase_[]_land_drying event occurrence,,2023-06-17T11:29:47.000Z,Unknown,NA,ecosystem
648d992b24f0f3dd8164089c,244625240,1842.1772589721386,581.4222195087101,FALSE,FALSE,2,increase_['winter']_storm_temperatures,,2023-06-17T11:29:47.000Z,Unknown,NA,extreme climate
648d992b24f0f3dd8164089d,3501920577,490.12882878423943,-817.17964955544835,FALSE,FALSE,2,increase_['autoimmune']_disease_development risk,,2023-06-17T11:29:47.000Z,Unknown,NA,disease
648d992b24f0f3dd8164089e,514857095,879.4286125568267,-828.6226607995833,FALSE,FALSE,2,increase_['emotional']_stress_levels,,2023-06-17T11:29:47.000Z,Unknown,NA,health - mental
648d992b24f0f3dd8164089f,1608281763,1536.7594324691509,597.7838895499979,FALSE,FALSE,2,increase_['winter']_heat wave_occurrence,,2023-06-17T11:29:47.000Z,Unknown,NA,temperature
648d992b24f0f3dd816408a0,697063782,2259.976683865164,-433.7727216851876,FALSE,FALSE,2,increase_[]_claims_number,,2023-06-17T11:29:47.000Z,Unknown,NA,?
648d992b24f0f3dd816408a1,2621600945,2410.420291279483,156.91081101709165,FALSE,FALSE,2,decrease_['most fragile']_ecosystem_amount,,2023-06-17T11:29:47.000Z,Unknown,NA,ecosystem
648d992b24f0f3dd816408a2,772006913,2094.7292986599105,-979.8385570981673,FALSE,FALSE,2,increase_[]_people_displacement,,2023-06-17T11:29:47.000Z,Unknown,NA,human
648d992b24f0f3dd816408a3,464216524,2244.4935378302107,-903.173522409933,FALSE,FALSE,2,increase_['fruit']_bats_displacement,,2023-06-17T11:29:47.000Z,Unknown,NA,biodiversity
648d992b24f0f3dd816408a4,1408955501,4137.941032471604,753.2899068330072,FALSE,FALSE,2,increase_[]_ocean_acidity,,2023-06-17T11:29:47.000Z,Unknown,NA,ecosystem - aquatic
648d992b24f0f3dd816408a5,2308901447,2218.1650574263463,-76.71589858899569,FALSE,FALSE,2,increase_[]_organizations_physical risks,,2023-06-17T11:29:47.000Z,Unknown,NA,society
648d992b24f0f3dd816408a6,469239169,-843.66855375975,-671.2759715452139,FALSE,FALSE,2,decrease_[]_people_deaths,,2023-06-17T11:29:47.000Z,Unknown,NA,human
648d992b24f0f3dd816408a7,3062034958,765.9429310824712,955.9227553382258,FALSE,FALSE,2,"increase_['active', 'hillslope']_erosional features_occurrence",,2023-06-17T11:29:47.000Z,Unknown,NA,environment
648d992b24f0f3dd816408a8,762846987,-678.2519735760839,-800.6058902398181,FALSE,FALSE,2,decrease_[]_heat_accumulation,,2023-06-17T11:29:47.000Z,Unknown,NA,temperature
648d992b24f0f3dd816408a9,4083843793,1511.4945354350714,1937.882452446163,FALSE,FALSE,2,increase_['world']_population_amount,,2023-06-17T11:29:47.000Z,Unknown,FALSE,human
648d992b24f0f3dd816408aa,98044134,1928.7512801991245,338.8874972090854,FALSE,FALSE,2,increase_[]_lightning strikes_occurrence,,2023-06-17T11:29:47.000Z,Unknown,NA,extreme climate
648d992b24f0f3dd816408ab,1791439216,1040.2340123731633,-682.1064941541263,FALSE,FALSE,2,decrease_['mental']_health_condition,,2023-06-17T11:29:47.000Z,Unknown,NA,health
648d992b24f0f3dd816408ac,1993808532,465.62319471222827,233.69318736544236,FALSE,FALSE,2,increase_[]_travel_occurrence,,2023-06-17T11:29:47.000Z,Unknown,NA,?
648d992b24f0f3dd816408ad,2463545192,1237.549698147553,-279.26260550568577,FALSE,FALSE,2,increase_[]_to adapt_requirements,,2023-06-17T11:29:47.000Z,Unknown,NA,society
648d992b24f0f3dd816408ae,3411542075,1225.0154777326738,-436.87103509270503,FALSE,FALSE,2,increase_['extreme']_weather_occurrence,,2023-06-17T11:29:47.000Z,Unknown,NA,climate
648d992b24f0f3dd816408af,3336897897,1202.2851949989645,334.0329802416694,FALSE,FALSE,2,increase_[]_storm surge_extent,,2023-06-17T11:29:47.000Z,Unknown,NA,extreme climate
648d992b24f0f3dd816408b0,2120916949,2191.9132710940444,-965.0183864418391,FALSE,FALSE,2,increase_[]_migration_amount,,2023-06-17T11:29:47.000Z,Unknown,NA,scoiety
648d992b24f0f3dd816408b1,2443982764,1958.573699803587,191.29695344083137,FALSE,FALSE,2,increase_[]_wildfire_duration,,2023-06-17T11:29:47.000Z,Unknown,NA,disaster
648d992b24f0f3dd816408b2,1898664925,920.9634339580003,-797.3341615910824,FALSE,FALSE,2,increase_[]_stress_reactions,,2023-06-17T11:29:47.000Z,Unknown,NA,health - mental
648d992b24f0f3dd816408b3,1378758728,1195.5763100093673,-295.04995674160534,FALSE,FALSE,2,increase_[]_people_harm,,2023-06-17T11:29:47.000Z,Unknown,NA,human
648d992b24f0f3dd816408b4,407468100,847.7512774672,1005.0077654620891,FALSE,FALSE,2,increase_[]_island_erosion,,2023-06-17T11:29:47.000Z,Unknown,NA,ecosystem
648d992b24f0f3dd816408b5,3423175975,1204.0720749089364,146.9289621416621,FALSE,FALSE,2,increase_['laid bare by fire']_landscapes drenched with winter rain_occurrence,,2023-06-17T11:29:47.000Z,Unknown,NA,precipitation
648d992b24f0f3dd816408b6,1974141466,1268.203678503487,-584.4311694541776,FALSE,FALSE,2,increase_[]_climate change_physical risks,,2023-06-17T11:29:47.000Z,Unknown,NA,climate
648d992b24f0f3dd816408b7,3511741555,-299.7457866857942,-853.851964154061,FALSE,FALSE,2,increase_[]_satisfaction_sense,,2023-06-17T11:29:47.000Z,Unknown,NA,health - mental
648d992b24f0f3dd816408b8,4249960163,2859.509300219998,993.81774254091,FALSE,FALSE,2,decrease_[]_Earth_equator to pole temperature contrast,,2023-06-17T11:29:47.000Z,Unknown,NA,environment
648d992b24f0f3dd816408b9,4097850023,-651.0463329830632,-851.836531541577,FALSE,FALSE,2,decrease_[]_nitrous oxide_emissions,,2023-06-17T11:29:47.000Z,Unknown,NA,emissions
648d992b24f0f3dd816408ba,2155702072,2258.9272402001657,1398.2592493362547,FALSE,FALSE,2,increase_['temperature-raising greenhouse']_gas_emissions,,2023-06-17T11:29:47.000Z,Unknown,NA,energy
648d992b24f0f3dd816408bb,411788659,2932.2978404509195,-104.75542671998642,FALSE,FALSE,2,increase_[]_atmospheric boundary layer_depth,,2023-06-17T11:29:47.000Z,Unknown,NA,environment
648d992b24f0f3dd816408bc,2348566060,3068.02532971021,451.0386412613323,FALSE,FALSE,2,increase_['powerful']_storm_occurrence,,2023-06-17T11:29:47.000Z,Unknown,NA,extreme climate
648d992b24f0f3dd816408bd,2445955989,696.4576623983178,294.05664318688173,FALSE,FALSE,2,increase_['mixed‚Äêregime']_watersheds_flood magnitude,,2023-06-17T11:29:47.000Z,Unknown,NA,ecosystem - aquatic
648d992b24f0f3dd816408be,3344676726,2170.332998965064,-249.74683778179235,FALSE,FALSE,2,increase_[]_home_total destruction occurrence,,2023-06-17T11:29:47.000Z,Unknown,NA,infrastructure
648d992b24f0f3dd816408bf,2638961604,2708.614747992848,-256.8811146532761,FALSE,FALSE,2,decrease_['safe']_fishing_condition,,2023-06-17T11:29:47.000Z,Unknown,NA,fishery
648d992b24f0f3dd816408c0,2394029853,1018.4808232838146,567.1619315937309,FALSE,FALSE,2,increase_[]_rainfall_amount,,2023-06-17T11:29:47.000Z,Unknown,NA,precipitation
648d992b24f0f3dd816408c1,314515249,1816.5640592080445,1056.0867454559143,FALSE,FALSE,2,increase_['rapid']_climate change_occurrence,,2023-06-17T11:29:47.000Z,Unknown,NA,climate
648d992b24f0f3dd816408c2,3833222868,1692.526708053938,1925.1615478287652,FALSE,FALSE,2,increase_[]_population_growth,,2023-06-17T11:29:47.000Z,Unknown,NA,human
648d992b24f0f3dd816408c3,3195546715,3575.2207501663515,692.5440924832708,FALSE,FALSE,2,increase_['land']_ice_melting occurrence,,2023-06-17T11:29:47.000Z,Unknown,NA,temperature
648d992b24f0f3dd816408c4,903738311,1756.2391812467442,-1541.2951190167232,FALSE,FALSE,2,increase_[]_human_mortality,,2023-06-17T11:29:47.000Z,Unknown,NA,human
648d992b24f0f3dd816408c5,1129396382,-668.3176514882571,-870.2592718198784,FALSE,FALSE,2,decrease_[]_carbon dioxide_emissions,,2023-06-17T11:29:47.000Z,Unknown,NA,emissions
648d992b24f0f3dd816408c6,1310880755,3006.245740823372,924.434333582995,FALSE,TRUE,2,increase_[]_water_average temperature,,2023-06-17T11:29:47.000Z,Unknown,NA,water
648d992b24f0f3dd816408c7,3261786477,2263.9007036851563,-1470.9673215350933,FALSE,FALSE,2,increase_['gay']_enclaves_establishment,,2023-06-17T11:29:47.000Z,Unknown,NA,?
648d992b24f0f3dd816408c8,3943732583,758.4414666792193,535.8986116104661,FALSE,FALSE,2,increase_['autumn']_snowfall_occurrence,,2023-06-17T11:29:47.000Z,Unknown,NA,precipitation
648d992b24f0f3dd816408c9,2823888342,2060.012222448503,-477.35471182348476,FALSE,FALSE,2,increase_[]_organizations_direct financial and operational implications,,2023-06-17T11:29:47.000Z,Unknown,NA,society
648d992b24f0f3dd816408ca,342037990,931.2013109423012,833.0150834444456,FALSE,FALSE,2,decrease_['vegetation']_albedo_extent,,2023-06-17T11:29:47.000Z,Unknown,NA,environment
648d992b24f0f3dd816408cb,1941133032,1199.1939475414417,312.3933012045402,FALSE,FALSE,2,increase_[]_land_submersion,,2023-06-17T11:29:47.000Z,Unknown,NA,ecosystem
648d992b24f0f3dd816408cc,3871019261,3603.928441589269,-528.878690391647,FALSE,FALSE,2,decrease_['fruit']_tree_fruit,,2023-06-17T11:29:47.000Z,Unknown,NA,environment
648d992b24f0f3dd816408cd,905633855,1882.5838562277681,-332.63295681063397,FALSE,FALSE,2,increase_[]_shipping lanes_availability,,2023-06-17T11:29:47.000Z,Unknown,NA,infrastructure
648d992b24f0f3dd816408ce,1358153004,4110.127404538365,147.18483505171807,FALSE,FALSE,2,decrease_['herbivorous']_fish_amount,,2023-06-17T11:29:47.000Z,Unknown,NA,fishery
648d992b24f0f3dd816408cf,843252885,905.9167320553222,84.04026036152254,FALSE,FALSE,2,increase_[]_community_choice to be flooded,,2023-06-17T11:29:47.000Z,Unknown,NA,society
648d992b24f0f3dd816408d0,1251554967,2205.199675558003,755.3373862466542,FALSE,FALSE,2,increase_['tropical']_soil_temperatures,,2023-06-17T11:29:47.000Z,Unknown,NA,environment
648d992b24f0f3dd816408d1,2041771271,3431.163969358679,-476.9368602624719,FALSE,FALSE,2,increase_[]_corn_failure,,2023-06-17T11:29:47.000Z,Unknown,NA,agriculture
648d992b24f0f3dd816408d2,498279249,2136.921319760684,-121.00796155320737,FALSE,FALSE,2,"increase_['water', 'metal']_pipes_expansion occurrence",,2023-06-17T11:29:47.000Z,Unknown,NA,infrastructure
648d992b24f0f3dd816408d3,2433861945,2970.2666590447006,486.8750229591949,FALSE,FALSE,2,increase_[]_hurricane_severity,,2023-06-17T11:29:47.000Z,Unknown,NA,disaster
648d992b24f0f3dd816408d4,3073149528,1758.4568339304956,-1553.1225997518131,FALSE,FALSE,2,increase_[]_dying_occurrence,,2023-06-17T11:29:47.000Z,Unknown,NA,health
648d992b24f0f3dd816408d5,2444170798,-53.80812960128469,153.97620944688595,FALSE,FALSE,2,increase_['drinking']_water_depletion,,2023-06-17T11:29:47.000Z,Unknown,NA,water
648d992b24f0f3dd816408d6,3698164590,1101.961618480706,685.3462366912697,FALSE,FALSE,2,increase_[]_air_moisture able to hold,,2023-06-17T11:29:47.000Z,Unknown,NA,environment
648d992b24f0f3dd816408d7,3133426751,-271.11812751173784,395.28369211008663,FALSE,FALSE,2,increase_['respiratory virus']_pandemic_occurrence,,2023-06-17T11:29:47.000Z,Unknown,NA,disease
648d992b24f0f3dd816408d8,4016824511,1843.8631571845092,288.31401827122863,FALSE,FALSE,2,increase_[]_wildfire_potential,,2023-06-17T11:29:47.000Z,Unknown,NA,disaster
648d992b24f0f3dd816408d9,1180327114,-681.5453480821898,-708.1279015260552,FALSE,FALSE,2,increase_[]_carbon pricing_revenue returns,,2023-06-17T11:29:47.000Z,Unknown,NA,emissions
648d992b24f0f3dd816408da,3765026771,376.5365056728467,77.79710700129908,FALSE,FALSE,2,increase_[]_health_issues,,2023-06-17T11:29:47.000Z,Unknown,NA,health
648d992b24f0f3dd816408db,2811625371,404.2040901194039,-608.3947087647967,FALSE,FALSE,2,increase_[]_hypoxemia_extent,,2023-06-17T11:29:47.000Z,Unknown,NA,health
648d992b24f0f3dd816408dc,760436178,386.32720202625705,-433.2012186930677,FALSE,FALSE,2,increase_['blood']_vomit_occurrence,,2023-06-17T11:29:47.000Z,Unknown,NA,health
648d992b24f0f3dd816408dd,2235830601,1525.2086948932806,-952.2126890541185,FALSE,FALSE,2,"increase_['serious', 'deadly']_assaults_counts",,2023-06-17T11:29:47.000Z,Unknown,NA,health - mental
648d992b24f0f3dd816408de,3017699028,-1037.0837773607816,-725.4534677939349,FALSE,FALSE,2,decrease_[]_poverty_risk,,2023-06-17T11:29:47.000Z,Unknown,NA,economy
648d992b24f0f3dd816408df,1825245805,-1388.3198298646603,-744.3533840064538,FALSE,FALSE,2,increase_['childhood']_pneumonia_incidence,,2023-06-17T11:29:47.000Z,Unknown,NA,disease
648d992b24f0f3dd816408e0,2971988249,3603.6062152264853,561.8543935324192,FALSE,FALSE,2,increase_['Antarctic']_glaciers_pace,,2023-06-17T11:29:47.000Z,Unknown,NA,ecosystem
648d992b24f0f3dd816408e1,865145817,-586.3910194658401,651.2352683727509,FALSE,FALSE,2,increase_[]_PM2.5_long-term exposure,,2023-06-17T11:29:47.000Z,Unknown,NA,pollution
648d992b24f0f3dd816408e2,2244542658,978.7129925062458,327.033016355677,FALSE,FALSE,2,increase_['powerful']_flood_occurrence,,2023-06-17T11:29:47.000Z,Unknown,NA,extreme climate
648d992b24f0f3dd816408e3,633558448,-343.3468075147607,-213.7259509251249,FALSE,FALSE,2,increase_[]_asthma_EL risk factors for incidence disparities,,2023-06-17T11:29:47.000Z,Unknown,NA,health
648d992b24f0f3dd816408e4,4141651076,-308.07961568243763,629.0128103297259,FALSE,FALSE,2,increase_['air']_pollution_levels,,2023-06-17T11:29:47.000Z,Unknown,NA,pollution
648d992b24f0f3dd816408e5,3797269505,791.3404836649295,-260.1581745809333,FALSE,FALSE,2,increase_[]_Nipah virus_outbreak,,2023-06-17T11:29:47.000Z,Unknown,NA,disease
648d992b24f0f3dd816408e6,1775450689,-1155.8705051834067,-763.3110154624864,FALSE,FALSE,2,increase_[]_health_condition,,2023-06-17T11:29:47.000Z,Unknown,NA,health
648d992b24f0f3dd816408e7,2569829855,1777.4885084047537,1041.5729441544472,FALSE,FALSE,2,increase_['long-term']_climate change_occurrence,,2023-06-17T11:29:47.000Z,Unknown,NA,climate
648d992b24f0f3dd816408e8,3901942469,463.41294475761197,15.533113133708184,FALSE,FALSE,2,increase_['ultraviolet']_radiation_amount,,2023-06-17T11:29:47.000Z,Unknown,NA,environment
648d992b24f0f3dd816408e9,85504399,2595.8143551944495,-410.69990337667724,FALSE,FALSE,2,increase_['direct private']_investor_losses,,2023-06-17T11:29:47.000Z,Unknown,NA,economy
648d992b24f0f3dd816408ea,4137100572,3570.81800345941,891.3871194037713,FALSE,FALSE,2,increase_[]_soil_subsidence,,2023-06-17T11:29:47.000Z,Unknown,NA,environment
648d992b24f0f3dd816408eb,2718860581,1451.5471633746643,-795.5231541758521,FALSE,FALSE,2,increase_['human']_conflict_occurrence,,2023-06-17T11:29:47.000Z,Unknown,NA,conflict
648d992b24f0f3dd816408ec,591275270,-342.2337002187419,474.48058423224296,FALSE,FALSE,2,increase_[]_children_injury,,2023-06-17T11:29:47.000Z,Unknown,NA,human
648d992b24f0f3dd816408ed,1306712947,1227.7147485679493,-422.4749245427623,FALSE,FALSE,2,increase_['environmental']_disaster_occurrence,,2023-06-17T11:29:47.000Z,Unknown,NA,disaster
648d992b24f0f3dd816408ee,1221948630,1337.0643769570117,-317.3497085586845,FALSE,FALSE,2,decrease_[]_livelihoods_quality,,2023-06-17T11:29:47.000Z,Unknown,NA,economy
648d992b24f0f3dd816408ef,440109886,3420.192536197822,-496.57605672634213,FALSE,FALSE,2,"increase_['corn', 'bean']_crop_failure",,2023-06-17T11:29:47.000Z,Unknown,NA,food
648d992b24f0f3dd816408f0,632011761,2701.3218299361747,162.84730441986235,FALSE,FALSE,2,increase_['exposed']_structures_duration of damaging winds,,2023-06-17T11:29:47.000Z,Unknown,NA,?
648d992b24f0f3dd816408f1,1251329840,776.9423443198498,256.6089100991025,FALSE,FALSE,2,increase_[]_flood_duration,,2023-06-17T11:29:47.000Z,Unknown,NA,extreme climate
648d992b24f0f3dd816408f2,1020361239,2278.6222274522165,-458.94608993751854,FALSE,FALSE,2,increase_[]_company_financial risks,,2023-06-17T11:29:47.000Z,Unknown,NA,economy
648d992b24f0f3dd816408f3,3906102226,1848.0116530011207,1169.3194280487307,FALSE,FALSE,2,increase_[]_CO2_cumulative emissions,,2023-06-17T11:29:47.000Z,Unknown,NA,emissions
648d992b24f0f3dd816408f4,1167550798,2283.0495009793894,-390.1907315468904,FALSE,FALSE,2,increase_[]_property_insured damage,,2023-06-17T11:29:47.000Z,Unknown,NA,society
648d992b24f0f3dd816408f5,269436326,-43.050776419313706,450.5288101685092,FALSE,FALSE,2,increase_[]_climate change_perception,,2023-06-17T11:29:47.000Z,Unknown,NA,climate
648d992b24f0f3dd816408f6,1470214869,789.2755909833832,-151.7027542953598,FALSE,FALSE,2,increase_['vector-borne']_illness_incidence,,2023-06-17T11:29:47.000Z,Unknown,NA,health
648d992b24f0f3dd816408f7,2697519334,1612.6816738277269,1915.1474870612337,FALSE,FALSE,2,increase_[]_humans_existence,,2023-06-17T11:29:47.000Z,Unknown,NA,human
648d992b24f0f3dd816408f8,2120105401,2209.7494330253367,-37.393823340803124,FALSE,FALSE,2,increase_[]_wildfire suppression_risk,,2023-06-17T11:29:47.000Z,Unknown,NA,disaster
648d992b24f0f3dd816408f9,188879353,776.0433662880698,-758.5603686353446,FALSE,FALSE,2,increase_[]_PTSD_occurrence,,2023-06-17T11:29:47.000Z,Unknown,NA,health
648d992b24f0f3dd816408fa,883302157,1926.9271333530005,363.87119797522286,FALSE,FALSE,2,increase_['dry lightning']_storm_occurrence,,2023-06-17T11:29:47.000Z,Unknown,NA,extreme climate
648d992b24f0f3dd816408fb,2151058541,2906.9684834024856,35.173399665486684,FALSE,FALSE,2,increase_[]_habitat_fragmentation,,2023-06-17T11:29:47.000Z,Unknown,NA,biodiversity
648d992b24f0f3dd816408fc,1772046654,2039.5662474209494,1589.2706902813823,FALSE,FALSE,2,increase_['fossil']_fuels_combustion,,2023-06-17T11:29:47.000Z,Unknown,NA,energy
648d992b24f0f3dd816408fd,954073732,2775.247712772228,-559.0096956187592,FALSE,FALSE,2,increase_[]_income_disparity,,2023-06-17T11:29:47.000Z,Unknown,NA,economy
648d992b24f0f3dd816408fe,3329965609,3176.585985812421,554.1740410943214,FALSE,FALSE,2,increase_['strong']_wind_duration,,2023-06-17T11:29:47.000Z,Unknown,NA,extreme climate
648d992b24f0f3dd816408ff,2124459949,-167.77489640098202,80.82842054161313,FALSE,FALSE,2,increase_[]_alarm_occurrence,,2023-06-17T11:29:47.000Z,Unknown,NA,?
648d992b24f0f3dd81640900,1302632308,-266.8090441139352,695.6805721194289,FALSE,FALSE,2,"increase_['outdoor', 'indoor']_air pollution_occurrence",,2023-06-17T11:29:47.000Z,Unknown,NA,pollution
648d992b24f0f3dd81640901,1005915310,2157.6078555385748,1008.0983397655147,FALSE,FALSE,2,increase_[]_global warming_amount,,2023-06-17T11:29:47.000Z,Unknown,NA,temperature
648d992b24f0f3dd81640902,3713484087,1833.0872056408095,565.0604906555452,FALSE,FALSE,2,increase_['hottest']_days_amount,,2023-06-17T11:29:47.000Z,Unknown,NA,? inaccurate base
648d992b24f0f3dd81640903,847118231,-630.6461572092617,73.57330179448444,FALSE,FALSE,2,increase_['cigarette']_smoking_occurrence,,2023-06-17T11:29:47.000Z,Unknown,NA,pollution
648d992b24f0f3dd81640904,986427305,-746.7266953301651,-132.46965223055682,FALSE,FALSE,2,decrease_[]_birth_weights,,2023-06-17T11:29:47.000Z,Unknown,NA,health
648d992b24f0f3dd81640905,2970002702,3794.6717337976997,504.05426312057034,FALSE,FALSE,2,increase_[]_sea_levels,,2023-06-17T11:29:47.000Z,Unknown,NA,ecosystem - aquatic
648d992b24f0f3dd81640906,3348691224,326.2199631903777,-410.8996958172941,FALSE,FALSE,2,"increase_['gastrointestinal', 'respiratory', 'recurrent']_infection_occurrence",,2023-06-17T11:29:47.000Z,Unknown,NA,health
648d992b24f0f3dd81640907,3136153087,2198.8879346580375,-297.5273412666369,FALSE,FALSE,2,decrease_[]_towns_existence,,2023-06-17T11:29:47.000Z,Unknown,NA,?
648d992b24f0f3dd81640908,118266991,3216.8945576947112,-364.9257557930244,FALSE,FALSE,2,increase_[]_fertilizer_displacement,,2023-06-17T11:29:47.000Z,Unknown,NA,agriculture
648d992b24f0f3dd81640909,2071104489,1974.6672323326582,1548.5497420811496,FALSE,FALSE,2,increase_[]_oil_combustion,,2023-06-17T11:29:47.000Z,Unknown,NA,energy
648d992b24f0f3dd8164090a,3426294558,1417.4604039221267,922.9866016315653,FALSE,FALSE,2,increase_[]_atmosphere_temperatures,,2023-06-17T11:29:47.000Z,Unknown,NA,environment
648d992b24f0f3dd8164090b,2590396983,-878.9519564841069,-786.3124134607215,FALSE,FALSE,2,increase_['household']_rebates_occurrence,,2023-06-17T11:29:47.000Z,Unknown,NA,economy
648d992b24f0f3dd8164090c,3471779401,261.0888836605161,-5.139353003415806,FALSE,FALSE,2,increase_['measles']_vaccination_deficiency,,2023-06-17T11:29:47.000Z,Unknown,NA,health
648d992b24f0f3dd8164090d,712079126,3067.2409885671236,669.7669121094481,FALSE,FALSE,2,increase_['warm']_water_occurrence,,2023-06-17T11:29:47.000Z,Unknown,NA,water
648d992b24f0f3dd8164090e,3725928489,64.10122286692433,-120.12496212684005,FALSE,FALSE,2,increase_[]_allergen_exposure,,2023-06-17T11:29:47.000Z,Unknown,NA,health
648d992b24f0f3dd8164090f,857324632,1204.3461419418177,273.23597761278535,FALSE,FALSE,2,increase_['coastal']_flood_occurrence,,2023-06-17T11:29:47.000Z,Unknown,NA,extreme climate
648d992b24f0f3dd81640910,1282371930,2401.737355409353,-246.1144047666162,FALSE,FALSE,2,increase_['flood']_losses_occurrence,,2023-06-17T11:29:47.000Z,Unknown,NA,economy
648d992b24f0f3dd81640911,4040313540,797.9385497078582,-127.33832936416866,FALSE,FALSE,2,increase_[]_disease_spread,,2023-06-17T11:29:47.000Z,Unknown,NA,disease
648d992b24f0f3dd81640912,6143408,2875.55519795263,-10.977101332380975,FALSE,FALSE,2,"increase_['rare', 'vulnerable']_species_damage risk",,2023-06-17T11:29:47.000Z,Unknown,NA,biodiversity
648d992b24f0f3dd81640913,100899745,2503.4204966600496,309.2204914045938,FALSE,FALSE,2,increase_[]_drought_frequency,,2023-06-17T11:29:47.000Z,Unknown,NA,extreme climate
648d992b24f0f3dd81640914,4231560022,276.2330927066678,-203.56887326453577,FALSE,FALSE,2,increase_['immune']_dysfunction_extent,,2023-06-17T11:29:47.000Z,Unknown,NA,health
648d992b24f0f3dd81640915,1253797194,4470.63659186258,208.3132553236336,FALSE,FALSE,2,increase_[]_ocean_dead zones,,2023-06-17T11:29:47.000Z,Unknown,NA,ecosystem - aquatic
648d992b24f0f3dd81640916,3508731,1515.7476334047801,1729.5150793936937,FALSE,FALSE,2,increase_['offshore']_oil_dredging projects,,2023-06-17T11:29:47.000Z,Unknown,NA,energy
648d992b24f0f3dd81640917,213244925,3542.4553736976086,-621.093218233637,FALSE,FALSE,2,decrease_['edible']_fruit_growth,,2023-06-17T11:29:47.000Z,Unknown,NA,food
648d992b24f0f3dd81640918,2838553399,1540.1167485271221,-920.5330753716703,FALSE,FALSE,2,increase_['interpersonal']_violence_frequency,,2023-06-17T11:29:47.000Z,Unknown,NA,conflict
648d992b24f0f3dd81640919,1433820854,2689.0383536622485,421.6213039788439,FALSE,FALSE,2,increase_['high and low']_pressure systems_occurrence,,2023-06-17T11:29:47.000Z,Unknown,NA,ecosystem
648d992b24f0f3dd8164091a,846388960,2088.457711224142,-1523.1027430363247,FALSE,FALSE,2,increase_[]_personal loss_extent,,2023-06-17T11:29:47.000Z,Unknown,NA,human
648d992b24f0f3dd8164091b,3242820357,1859.1828575104082,1793.3770341654035,FALSE,FALSE,2,"increase_['big', 'industrial dairy']_farming_existence",,2023-06-17T11:29:47.000Z,Unknown,NA,agriculture
648d992b24f0f3dd8164091c,3949577968,1442.173513991508,-141.51696674934237,FALSE,FALSE,2,increase_[]_rodent_population,,2023-06-17T11:29:47.000Z,Unknown,NA,biodiversity
648d992b24f0f3dd8164091d,860393405,1845.8131854781266,603.2377795637605,FALSE,FALSE,2,increase_[]_heat_amount,,2023-06-17T11:29:47.000Z,Unknown,NA,temperature
648d992b24f0f3dd8164091e,1486944588,4022.308822889533,-113.80191190640716,FALSE,FALSE,2,increase_['raw']_shrimp_bagging,,2023-06-17T11:29:47.000Z,Unknown,NA,food
648d992b24f0f3dd8164091f,3301433813,2217.237419693917,-279.64196369337424,FALSE,FALSE,2,decrease_[]_roadways_strength,,2023-06-17T11:29:47.000Z,Unknown,NA,infrastructure
648d992b24f0f3dd81640920,3013217654,494.63437559067097,141.0366086507197,FALSE,FALSE,2,increase_[]_health care_risk,,2023-06-17T11:29:47.000Z,Unknown,NA,health
648d992b24f0f3dd81640921,2623407467,-196.79507445624313,-406.70991169736453,FALSE,FALSE,2,increase_['chronic']_health_ailments,,2023-06-17T11:29:47.000Z,Unknown,NA,health
648d992b24f0f3dd81640922,4138482225,2767.578613951425,-303.02675127029636,FALSE,FALSE,2,increase_[]_breaks_occurrence,,2023-06-17T11:29:47.000Z,Unknown,NA,?
648d992b24f0f3dd81640923,534014551,3220.7118783404976,-428.2780917732903,FALSE,FALSE,2,increase_[]_soil_erosion,,2023-06-17T11:29:47.000Z,Unknown,NA,environment
648d992b24f0f3dd81640924,3864343877,-786.6618776296157,-833.1288620969219,FALSE,FALSE,2,decrease_[]_greenhouse gas_emissions,,2023-06-17T11:29:47.000Z,Unknown,NA,emissions
648d992b24f0f3dd81640925,178454124,1696.72812061195,315.92941664754517,FALSE,FALSE,2,increase_[]_fire_occurrence,,2023-06-17T11:29:47.000Z,Unknown,NA,extreme climate
648d992b24f0f3dd81640926,2052751742,-1327.093673034336,-725.220085364201,FALSE,FALSE,2,decrease_[]_ice sheet_melting occurrence,,2023-06-17T11:29:47.000Z,Unknown,NA,temperature
648d992b24f0f3dd81640927,448562339,1660.4895908789993,1130.3843817517786,FALSE,FALSE,2,increase_[]_hurricane_rain,,2023-06-17T11:29:47.000Z,Unknown,NA,disaster
648d992b24f0f3dd81640928,3803806258,1767.5639247137349,1966.6672615995408,FALSE,FALSE,2,increase_[]_population_levels,,2023-06-17T11:29:47.000Z,Unknown,NA,human
648d992b24f0f3dd81640929,1670312926,560.6304608665052,-590.9877140098264,FALSE,FALSE,2,increase_[]_gas_diffusion,,2023-06-17T11:29:47.000Z,Unknown,NA,energy
648d992b24f0f3dd8164092a,2741562947,1760.3048778336206,-1529.4676382816333,FALSE,FALSE,2,increase_[]_lives_deaths,,2023-06-17T11:29:47.000Z,Unknown,NA,human
648d992b24f0f3dd8164092b,612809707,4317.029619881612,176.24358754867484,FALSE,FALSE,2,increase_[]_reef_devastation,,2023-06-17T11:29:47.000Z,Unknown,NA,ecosystem - aquatic
648d992b24f0f3dd8164092c,2080423682,744.2151849566819,-1235.7455276263456,FALSE,FALSE,2,increase_[]_heat stroke_succumbing,,2023-06-17T11:29:47.000Z,Unknown,NA,health
648d992b24f0f3dd8164092d,1922533066,3606.523434441591,-445.9019849417116,FALSE,FALSE,2,increase_['spring']_wheat_yield losses,,2023-06-17T11:29:47.000Z,Unknown,NA,food
648d992b24f0f3dd8164092e,417497203,396.4103305088247,-102.40622198246282,FALSE,FALSE,2,"increase_['allergies', 'high blood pressure', 'depression']_medications_usage",,2023-06-17T11:29:47.000Z,Unknown,NA,health
648d992b24f0f3dd8164092f,47491795,1567.6648190865576,675.9562444667389,FALSE,FALSE,2,increase_[]_summer_average temperature,,2023-06-17T11:29:47.000Z,Unknown,NA,temperature
648d992b24f0f3dd81640930,2404882279,1805.5889190395856,-290.63353428359335,FALSE,FALSE,2,decrease_['public health']_infrastructure_condition,,2023-06-17T11:29:47.000Z,Unknown,NA,infrastructure
648d992b24f0f3dd81640931,964967886,768.7012525526278,-246.994386807487,FALSE,FALSE,2,increase_['dengue']_infection_occurrence,,2023-06-17T11:29:47.000Z,Unknown,NA,health
648d992b24f0f3dd81640932,1722839780,1559.6835689215384,-992.278082828979,FALSE,FALSE,2,increase_[]_antisocial personality disorder_development risk,,2023-06-17T11:29:47.000Z,Unknown,NA,health - mental
648d992b24f0f3dd81640933,65767656,2364.2698026380313,475.5458008007738,FALSE,FALSE,2,decrease_[]_evapotranspiration_amount,,2023-06-17T11:29:47.000Z,Unknown,NA,environment
648d992b24f0f3dd81640934,538825605,2165.1989117859994,-956.5270824034267,FALSE,FALSE,2,increase_[]_persons_displacement,,2023-06-17T11:29:47.000Z,Unknown,NA,human
648d992b24f0f3dd81640935,4002702289,-1118.8191439251057,-780.4676592665788,FALSE,FALSE,2,decrease_['extreme']_heat_risk,,2023-06-17T11:29:47.000Z,Unknown,NA,temperature
648d992b24f0f3dd81640936,701047627,2684.860060420287,-277.5100946783427,FALSE,FALSE,2,decrease_[]_worker_productivity,,2023-06-17T11:29:47.000Z,Unknown,NA,work
648d992b24f0f3dd81640937,3022514175,1221.4164499523072,-487.2574220175045,FALSE,FALSE,2,increase_[]_climate_events,,2023-06-17T11:29:47.000Z,Unknown,NA,climate
648d992b24f0f3dd81640938,3036976851,3427.466351166685,-694.7875185556688,FALSE,FALSE,2,increase_[]_food_scarcity,,2023-06-17T11:29:47.000Z,Unknown,NA,food
648d992b24f0f3dd81640939,784400488,408.2195860341949,-257.6317789447194,FALSE,FALSE,2,increase_[]_kidneys_failure,,2023-06-17T11:29:47.000Z,Unknown,NA,health
648d992b24f0f3dd8164093a,754838768,1531.7310486890874,-880.4676417111486,FALSE,FALSE,2,increase_[]_aggressive tendencies_extent,,2023-06-17T11:29:47.000Z,Unknown,NA,health - mental
648d992b24f0f3dd8164093b,2740752968,2254.79582774404,322.6842448371592,FALSE,FALSE,2,decrease_[]_atmosphere_moisture,,2023-06-17T11:29:47.000Z,Unknown,NA,environment
648d992b24f0f3dd8164093c,2615415398,653.494806489409,-225.33412045889787,FALSE,FALSE,2,"increase_['neuroinvasive', 'severe']_West Nile Virus_severity",,2023-06-17T11:29:47.000Z,Unknown,NA,disease
648d992b24f0f3dd8164093d,277227160,840.1005067328294,381.2482279956991,FALSE,FALSE,2,increase_[]_flood_risk,,2023-06-17T11:29:47.000Z,Unknown,NA,extreme climate
648d992b24f0f3dd8164093e,1967557112,1567.13767606946,-851.5832880595049,FALSE,FALSE,2,increase_[]_precarity_state,,2023-06-17T11:29:47.000Z,Unknown,NA,society
648d992b24f0f3dd8164093f,1372718805,981.5076214977433,280.083456519758,FALSE,FALSE,2,increase_[]_rivers_flooding,,2023-06-17T11:29:47.000Z,Unknown,NA,ecosystem - aquatic
648d992b24f0f3dd81640940,530963217,1547.16974156003,-368.13117971438754,FALSE,FALSE,2,increase_['system']_delays_occurrence,,2023-06-17T11:29:47.000Z,Unknown,NA,?
648d992b24f0f3dd81640941,1466653652,997.5115184888724,588.8670018153514,FALSE,FALSE,2,increase_[]_rain_amount,,2023-06-17T11:29:47.000Z,Unknown,NA,precipitation
648d992b24f0f3dd81640942,1059115680,2635.39237131924,1077.101649193222,FALSE,FALSE,2,increase_['human-caused']_disruptions_occurrence,,2023-06-17T11:29:47.000Z,Unknown,NA,?
648d992b24f0f3dd81640943,457707236,2791.700323483106,632.8744125854632,FALSE,FALSE,2,decrease_[]_tornadoes_number,,2023-06-17T11:29:47.000Z,Unknown,NA,extreme climate
648d992b24f0f3dd81640944,1637169655,1689.4680979181098,448.71078801871175,FALSE,FALSE,2,increase_[]_heat wave_intensity,,2023-06-17T11:29:47.000Z,Unknown,NA,temperature
648d992b24f0f3dd81640945,354547897,1524.033689698193,579.604256170789,FALSE,FALSE,2,increase_['deadly']_heat wave_occurrence,,2023-06-17T11:29:47.000Z,Unknown,NA,temperature
648d992b24f0f3dd81640946,461673040,3316.1056751091874,537.1745434937939,FALSE,TRUE,2,increase_[]_storm_rapid intensification occurrence,,2023-06-17T11:29:47.000Z,Unknown,NA,extreme climate
648d992b24f0f3dd81640947,1802798293,418.5056005939209,-572.6409352807702,FALSE,FALSE,2,increase_[]_lung alveoli_ventilation-perfusion ratio mismatch,,2023-06-17T11:29:47.000Z,Unknown,NA,health
648d992b24f0f3dd81640948,729013976,1673.5446435308154,247.08239565684724,FALSE,FALSE,2,increase_[]_wildfire_occurrence,,2023-06-17T11:29:47.000Z,Unknown,NA,disaster
648d992b24f0f3dd81640949,3635100677,2792.219776759,-537.7944049941758,FALSE,FALSE,2,decrease_[]_farming_income amount,,2023-06-17T11:29:47.000Z,Unknown,NA,agriculture
648d992b24f0f3dd8164094a,2623084026,-716.1434828267054,-659.1138762799446,FALSE,FALSE,2,increase_['low-carbon']_investments_occurrence,,2023-06-17T11:29:47.000Z,Unknown,NA,economy
648d992b24f0f3dd8164094b,2972555015,1837.2045742422831,108.53257658685136,FALSE,FALSE,2,increase_['ashen-thick']_air_occurrence,,2023-06-17T11:29:47.000Z,Unknown,NA,environment
648d992b24f0f3dd8164094c,1916940906,2165.469024779179,1028.1879951653677,FALSE,FALSE,2,increase_[]_global warming_extent,,2023-06-17T11:29:47.000Z,Unknown,NA,temperature
648d992b24f0f3dd8164094d,117898789,785.4855754139846,-281.10445251097633,FALSE,FALSE,2,increase_[]_malaria_cases,,2023-06-17T11:29:47.000Z,Unknown,NA,health
648d992b24f0f3dd8164094e,3873225645,3575.7266453419015,583.2778124974586,FALSE,FALSE,2,increase_['warm ocean']_water_influx,,2023-06-17T11:29:47.000Z,Unknown,NA,water
648d992b24f0f3dd8164094f,2471344720,3108.923667815959,311.81319328252783,FALSE,FALSE,2,increase_['high']_wind_occurrence,,2023-06-17T11:29:47.000Z,Unknown,NA,extreme climate
648d992b24f0f3dd81640950,3408550308,1923.3088889410649,-1446.84602843639,FALSE,FALSE,2,increase_['COVID-19']_death_rates,,2023-06-17T11:29:47.000Z,Unknown,NA,health
648d992b24f0f3dd81640951,3401194825,2946.6700875327715,471.6240019773359,FALSE,TRUE,2,increase_[]_storm_intensity,,2023-06-17T11:29:47.000Z,Unknown,NA,extreme climate
648d992b24f0f3dd81640952,3528475874,1831.9332913390633,1861.4504617454982,FALSE,FALSE,2,increase_['existing']_infrastructure_existence,,2023-06-17T11:29:47.000Z,Unknown,NA,infrastructure
648d992b24f0f3dd81640953,443459287,780.0712777167727,-340.1203007891769,FALSE,FALSE,2,increase_[]_V. vulnificus_exposure,,2023-06-17T11:29:47.000Z,Unknown,NA,disease
648d992b24f0f3dd81640954,548405745,-1336.660260603433,-641.671881693469,FALSE,FALSE,2,decrease_[]_air_temperatures,,2023-06-17T11:29:47.000Z,Unknown,NA,environment
648d992b24f0f3dd81640955,2739167119,3620.8361924024957,614.4290743657527,FALSE,FALSE,2,increase_['Antarctic']_glaciers_melting occurrence,,2023-06-17T11:29:47.000Z,Unknown,NA,ecosystem
648d992b24f0f3dd81640956,687402202,1661.8004087333643,195.5293299101264,FALSE,FALSE,2,increase_['devastating']_wildfire_occurrence,,2023-06-17T11:29:47.000Z,Unknown,NA,disaster
648d992b24f0f3dd81640957,153975024,-379.7230654527423,-709.9446659128585,FALSE,FALSE,2,increase_['climate friendly']_decisions_amount,,2023-06-17T11:29:47.000Z,Unknown,NA,?
648d992b24f0f3dd81640958,1678932854,3106.8970104917807,186.31639783970692,FALSE,FALSE,2,increase_[]_hurricane_impacts,,2023-06-17T11:29:47.000Z,Unknown,NA,disaster
648d992b24f0f3dd81640959,3446768075,241.40888600435983,-374.7878445819636,FALSE,FALSE,2,increase_['ciguatera']_poisoning_occurrence,,2023-06-17T11:29:47.000Z,Unknown,NA,health
648d992b24f0f3dd8164095a,1160982933,-159.9212634374162,-753.9809407083287,FALSE,FALSE,2,decrease_['single-use']_plastic_pollution,,2023-06-17T11:29:47.000Z,Unknown,NA,pollution
648d992b24f0f3dd8164095b,2702753839,1873.087509033549,402.73267204248504,FALSE,FALSE,2,increase_['compound dry-hot']_weather_extremes,,2023-06-17T11:29:47.000Z,Unknown,NA,climate
648d992b24f0f3dd8164095c,3408385387,2403.308752185463,-282.73447554452196,FALSE,FALSE,2,increase_[]_building_damage,,2023-06-17T11:29:47.000Z,Unknown,NA,infrastructure
648d992b24f0f3dd8164095d,271422504,2912.0411242372634,841.3300786807608,FALSE,FALSE,2,increase_[]_ocean_extended periods of unusually high temperatures,,2023-06-17T11:29:47.000Z,Unknown,NA,ecosystem - aquatic
648d992b24f0f3dd8164095e,2790394473,2948.5283912101977,-895.3031150531738,FALSE,FALSE,2,increase_['perceived']_competition_occurrence,,2023-06-17T11:29:47.000Z,Unknown,NA,?
648d992b24f0f3dd8164095f,3230599871,810.2635887349343,579.2870808246892,FALSE,FALSE,2,increase_[]_rain_rates,,2023-06-17T11:29:47.000Z,Unknown,NA,precipitation
648d992b24f0f3dd81640960,2563820993,-279.50771931619147,674.5161994764524,FALSE,FALSE,2,"increase_['outdoor', 'indoor']_air pollution_amount",,2023-06-17T11:29:47.000Z,Unknown,NA,pollution
648d992b24f0f3dd81640961,3549632353,3227.2757574859293,237.18374656100357,FALSE,FALSE,2,increase_[]_tropical cyclone_stalling,,2023-06-17T11:29:47.000Z,Unknown,NA,extreme climate
648d992b24f0f3dd81640962,3315649823,19.137690481878963,-509.1344651900207,FALSE,FALSE,2,increase_[]_human_morbidity,,2023-06-17T11:29:47.000Z,Unknown,NA,human
648d992b24f0f3dd81640963,3760976172,2741.3031509638395,-583.2557063721808,FALSE,FALSE,2,decrease_[]_milk_production,,2023-06-17T11:29:47.000Z,Unknown,NA,food
648d992b24f0f3dd81640964,252408694,1335.131011061806,-982.0287960493633,FALSE,FALSE,2,increase_['eco-terrorism']_references_activity,,2023-06-17T11:29:47.000Z,Unknown,NA,?
648d992b24f0f3dd81640965,1674793550,1875.127865203917,1306.8095874337946,FALSE,FALSE,2,increase_[]_carbon dioxide_localized surges,,2023-06-17T11:29:47.000Z,Unknown,NA,emissions
648d992b24f0f3dd81640966,3418467618,991.5794586403592,-579.3796602619367,FALSE,FALSE,2,increase_['athletic']_training_consequences,,2023-06-17T11:29:47.000Z,Unknown,NA,sports
648d992b24f0f3dd81640967,2468385756,152.34271088184437,513.2711829984598,FALSE,FALSE,2,increase_['drinking']_water_consequences,,2023-06-17T11:29:47.000Z,Unknown,NA,water
648d992b24f0f3dd81640968,3980609238,2423.2925084031167,185.69807717794885,TRUE,FALSE,2,increase_[]_forests_dieback,,2023-06-17T11:29:47.000Z,Unknown,NA,ecosystem
648d992b24f0f3dd81640969,1910340826,1742.8122570327885,1694.0362793569466,FALSE,FALSE,2,increase_['heavy']_industry_occurrence,,2023-06-17T11:29:47.000Z,Unknown,NA,economy
648d992b24f0f3dd8164096a,1577835653,1512.1005964179335,-729.3110699718058,FALSE,FALSE,2,increase_[]_tensions_amount,,2023-06-17T11:29:47.000Z,Unknown,NA,conflict
648d992b24f0f3dd8164096b,896655245,2233.0098630618386,-526.1609810386684,FALSE,FALSE,2,increase_['insurance']_company_failure,,2023-06-17T11:29:47.000Z,Unknown,NA,economy
648d992b24f0f3dd8164096c,1293020160,2658.612921852895,-330.00388320542623,FALSE,FALSE,2,increase_[]_supply chains_disruption,,2023-06-17T11:29:47.000Z,Unknown,NA,economy
648d992b24f0f3dd8164096d,2905573114,3050.4401319340623,-535.9759250190932,FALSE,FALSE,2,increase_['compromised']_food_incidence,,2023-06-17T11:29:47.000Z,Unknown,NA,food
648d992b24f0f3dd8164096e,2915316690,1002.8311695421678,569.7724606197673,FALSE,TRUE,2,increase_['torrential']_downfall_amount,,2023-06-17T11:29:47.000Z,Unknown,NA,extreme climate
648d992b24f0f3dd8164096f,498430437,74.00509108610095,-62.66753943493194,FALSE,FALSE,2,decrease_[]_adherence with prescribed treatment_extent,,2023-06-17T11:29:47.000Z,Unknown,NA,health
648d992b24f0f3dd81640970,2467585080,-604.3807319927364,676.6325088267376,FALSE,FALSE,2,increase_['spare-the-air']_alert_issuance,,2023-06-17T11:29:47.000Z,Unknown,NA,?
648d992b24f0f3dd81640971,1263866963,1800.382378618235,-1367.7777858380302,FALSE,FALSE,2,increase_['legal']_repression_amount,,2023-06-17T11:29:47.000Z,Unknown,NA,society
648d992b24f0f3dd81640972,3639019342,447.1086215429557,-476.10574687389925,FALSE,FALSE,2,increase_[]_dialysis_dependency,,2023-06-17T11:29:47.000Z,Unknown,NA,health
648d992b24f0f3dd81640973,2711637967,1588.3013557149372,-69.7348653450886,FALSE,FALSE,2,increase_[]_water resources_consequences,,2023-06-17T11:29:47.000Z,Unknown,NA,water
648d992b24f0f3dd81640974,2338552329,2957.9201068692655,501.82560099729875,FALSE,FALSE,2,increase_[]_hurricane_wind speeds,,2023-06-17T11:29:47.000Z,Unknown,NA,disaster
648d992b24f0f3dd81640975,1728755136,1574.9364919048867,514.157654421474,FALSE,FALSE,2,increase_[]_snowpack_early melting,,2023-06-17T11:29:47.000Z,Unknown,NA,extreme climate
648d992b24f0f3dd81640976,3537399614,210.52817946030268,556.9102868208728,FALSE,FALSE,2,increase_[]_development_patterns,,2023-06-17T11:29:47.000Z,Unknown,NA,economy
648d992b24f0f3dd81640977,113232075,4392.4119014208345,106.85847599829302,FALSE,FALSE,2,increase_['seagrass']_meadows_total destruction,,2023-06-17T11:29:47.000Z,Unknown,NA,ecosystem
648d992b24f0f3dd81640978,2522704962,2084.2926492127,1172.6671495168084,FALSE,FALSE,2,increase_[]_carbon dioxide_levels,,2023-06-17T11:29:47.000Z,Unknown,NA,emissions
648d992b24f0f3dd81640979,3224267840,1201.9100551014042,209.93239161703454,FALSE,FALSE,2,increase_['slushy']_conditions_occurrence,,2023-06-17T11:29:47.000Z,Unknown,NA,?
648d992b24f0f3dd8164097a,1159477310,1167.4310332468017,-384.6851343491626,FALSE,FALSE,2,increase_['climate- or weather-related']_natural disasters_exposure,,2023-06-17T11:29:47.000Z,Unknown,NA,disaster
648d992b24f0f3dd8164097b,1160742071,2459.8270707411625,-598.9718681772076,FALSE,FALSE,2,decrease_[]_home_values,,2023-06-17T11:29:47.000Z,Unknown,NA,infrastructure
648d992b24f0f3dd8164097c,1185121530,2412.5865496922697,-294.58943926808024,FALSE,FALSE,2,increase_[]_home_damage,,2023-06-17T11:29:47.000Z,Unknown,NA,infrastructure
648d992b24f0f3dd8164097d,208044122,1949.369529922667,-1312.7926907655185,FALSE,FALSE,2,increase_[]_marginalization_processes,,2023-06-17T11:29:47.000Z,Unknown,NA,scoiety
648d992b24f0f3dd8164097e,1845678055,1825.123039976569,1613.1444809037866,FALSE,FALSE,2,increase_[]_cows_existence,,2023-06-17T11:29:47.000Z,Unknown,NA,agriculture
648d992b24f0f3dd8164097f,2370814980,882.5542400329095,-919.9740426314897,FALSE,FALSE,2,decrease_[]_well-being_condition,,2023-06-17T11:29:47.000Z,Unknown,NA,health - mental
648d992b24f0f3dd81640980,1178355390,2351.038293967207,497.00878131442954,FALSE,FALSE,2,increase_['water']_droplets_formation difficulty,,2023-06-17T11:29:47.000Z,Unknown,NA,?
648d992b24f0f3dd81640981,4061379283,2265.142023595885,362.51710312067956,FALSE,FALSE,2,increase_[]_land_dryness,,2023-06-17T11:29:47.000Z,Unknown,NA,ecosystem
648d992b24f0f3dd81640982,1995958051,1518.57981125572,615.9634543153496,FALSE,FALSE,2,increase_['extreme']_heat wave_occurrence,,2023-06-17T11:29:47.000Z,Unknown,NA,temperature
648d992b24f0f3dd81640983,1073918139,2417.9155002552106,1480.9014292751704,FALSE,FALSE,2,increase_[]_natural gas_emissions,,2023-06-17T11:29:47.000Z,Unknown,NA,energy
648d992b24f0f3dd81640984,3199593528,-616.0211010873904,615.2561564840684,FALSE,FALSE,2,increase_['traffic-related']_particulate_long-term exposure,,2023-06-17T11:29:47.000Z,Unknown,NA,pollution
648d992b24f0f3dd81640985,735825443,2231.7765276321834,-410.69990337667724,FALSE,FALSE,2,increase_[]_infrastructure_damage,,2023-06-17T11:29:47.000Z,Unknown,NA,infrastructure
648d992b24f0f3dd81640986,1789417382,4038.450645379108,656.3230828430438,FALSE,FALSE,2,increase_[]_ocean_acidification,,2023-06-17T11:29:47.000Z,Unknown,NA,ecosystem - aquatic
648d992b24f0f3dd81640987,723716311,1914.1574680781093,717.5630062424242,FALSE,FALSE,2,increase_[]_evaporation_occurrence,,2023-06-17T11:29:47.000Z,Unknown,NA,environment
648d992b24f0f3dd81640988,2578464330,2402.174656822337,-322.06207215768836,FALSE,FALSE,2,increase_[]_businesses_building damage,,2023-06-17T11:29:47.000Z,Unknown,NA,economy
648d992b24f0f3dd81640989,956657781,2932.6837763775566,-924.9257017763567,FALSE,FALSE,2,increase_['perceived']_scarcity_occurrence,,2023-06-17T11:29:47.000Z,Unknown,NA,resources
648d992b24f0f3dd8164098a,306172461,1923.1693326139634,315.01597676993674,TRUE,FALSE,2,increase_[]_lightning_strikes,,2023-06-17T11:29:47.000Z,Unknown,NA,extreme climate
648d992b24f0f3dd8164098b,222060901,1934.687408608186,1223.4781126269952,FALSE,FALSE,2,increase_[]_carbon dioxide_emissions,,2023-06-17T11:29:47.000Z,Unknown,NA,emissions
648d992b24f0f3dd8164098c,4263227315,1821.3690883236288,-231.15919667654111,FALSE,FALSE,2,increase_['hurricane-related']_disaster relief_risk,,2023-06-17T11:29:47.000Z,Unknown,NA,disaster
648d992b24f0f3dd8164098d,2817449182,1627.459485769884,288.3140826842366,FALSE,FALSE,2,increase_[]_wildfire_severity,,2023-06-17T11:29:47.000Z,Unknown,NA,disaster
648d992b24f0f3dd8164098e,3900743265,391.82598745347946,42.12495303749114,FALSE,FALSE,2,"decrease_['individual', 'societal']_health_condition",,2023-06-17T11:29:47.000Z,Unknown,NA,health
648d992b24f0f3dd8164098f,3562299370,1094.9685672395158,501.41649784243947,FALSE,FALSE,2,increase_['on-snow']_rain_events,,2023-06-17T11:29:47.000Z,Unknown,NA,precipitation
648d992b24f0f3dd81640990,434316791,2789.943294789927,364.2440303961957,FALSE,FALSE,2,increase_[]_jet stream_waviness,,2023-06-17T11:29:47.000Z,Unknown,NA,?
648d992b24f0f3dd81640991,3316167927,2499.936499536888,391.8096011212323,FALSE,FALSE,2,increase_[]_rainfall_absence,,2023-06-17T11:29:47.000Z,Unknown,NA,precipitation
648d992b24f0f3dd81640992,4072172012,97.75922486749573,-442.98509908844346,FALSE,FALSE,2,increase_[]_asthma_morbidity,,2023-06-17T11:29:47.000Z,Unknown,NA,health
648d992b24f0f3dd81640993,2580274151,3060.47702624216,568.6531743638891,FALSE,FALSE,2,increase_['hyperactive']_hurricane_season hyperactivity,,2023-06-17T11:29:47.000Z,Unknown,NA,disaster
648d992b24f0f3dd81640994,3380046965,2193.3215393732353,-177.4081840851213,FALSE,FALSE,2,decrease_['flood control']_infrastructure_adequacy,,2023-06-17T11:29:47.000Z,Unknown,NA,infrastructure
648d992b24f0f3dd81640995,3517857875,1550.3660354003878,-898.1709951252362,FALSE,FALSE,2,increase_['interpersonal']_violence_occurrence,,2023-06-17T11:29:47.000Z,Unknown,NA,conflict
648d992b24f0f3dd81640996,2075549143,-1390.4160339986774,-573.4004380276641,FALSE,FALSE,2,increase_[]_population_range expansion,,2023-06-17T11:29:47.000Z,Unknown,NA,human
648d992b24f0f3dd81640997,99622095,1710.171652091719,1767.8322112904466,FALSE,FALSE,2,"increase_['winter fuel', 'dirtier']_gasoline_sale",,2023-06-17T11:29:47.000Z,Unknown,NA,energy
648d992b24f0f3dd81640998,2779245151,-296.43921345915214,657.5847058404617,FALSE,FALSE,2,increase_['air']_pollution_amount,,2023-06-17T11:29:47.000Z,Unknown,NA,pollution
648d992b24f0f3dd81640999,3569979226,-514.4321362296255,780.3382194349824,FALSE,FALSE,2,increase_['NOX (Nitrogen Dioxide and Nitric Acid)']_gas_amount,,2023-06-17T11:29:47.000Z,Unknown,NA,energy
648d992b24f0f3dd8164099a,3070188265,3080.439836075774,416.55390089399384,FALSE,FALSE,2,increase_['Category 5']_storm_occurrence,,2023-06-17T11:29:47.000Z,Unknown,NA,extreme climate
648d992b24f0f3dd8164099b,514338916,1403.5873444933804,1669.6316733180631,FALSE,FALSE,2,increase_['nonstop']_gas flares_occurrence,,2023-06-17T11:29:47.000Z,Unknown,NA,?
648d992b24f0f3dd8164099c,2273484468,2633.0119795897745,-1000.4704480077237,FALSE,FALSE,2,decrease_['annual']_income_amount,,2023-06-17T11:29:47.000Z,Unknown,NA,economy
648d992b24f0f3dd8164099d,3040667348,1657.7930888746312,235.1733910179976,FALSE,FALSE,2,increase_['explosive and rapidly spreading']_fire_occurrence,,2023-06-17T11:29:47.000Z,Unknown,NA,extreme climate
648d992b24f0f3dd8164099e,2813630168,3655.120210030862,726.3377957752696,FALSE,FALSE,2,increase_['ice-rich']_permafrost_thaw,,2023-06-17T11:29:47.000Z,Unknown,NA,ecosystem
648d992b24f0f3dd8164099f,2094305576,1554.093048808848,-1012.7766563882103,FALSE,FALSE,2,decrease_[]_to resolve disputes peacefully_mechanisms,,2023-06-17T11:29:47.000Z,Unknown,NA,society
648d992b24f0f3dd816409a0,3442102356,4443.736355399464,22.53972525022212,FALSE,FALSE,2,decrease_['coral']_reef_amount,,2023-06-17T11:29:47.000Z,Unknown,NA,ecosystem - aquatic
648d992b24f0f3dd816409a1,4133166521,894.6262117051064,621.7854732070841,FALSE,FALSE,2,increase_[]_air_humidity,,2023-06-17T11:29:47.000Z,Unknown,NA,environment
648d992b24f0f3dd816409a2,2287512321,2960.6136992126967,548.029265285642,FALSE,FALSE,2,increase_[]_hurricane_strength,,2023-06-17T11:29:47.000Z,Unknown,NA,disaster
648d992b24f0f3dd816409a3,3677839411,959.8725920728972,-873.4306277166353,FALSE,FALSE,2,increase_[]_depression_occurrence,,2023-06-17T11:29:47.000Z,Unknown,NA,health - mental
648d992b24f0f3dd816409a4,192884453,2902.5058025966473,-80.22080638918635,FALSE,FALSE,2,increase_['shoreline']_erosion_occurrence,,2023-06-17T11:29:47.000Z,Unknown,NA,environment
648d992b24f0f3dd816409a5,4235334539,2308.7213318888153,903.0536021119563,FALSE,FALSE,2,increase_[]_Earth_average temperature,,2023-06-17T11:29:47.000Z,Unknown,NA,environment
648d992b24f0f3dd816409a6,1960053520,-753.624795466598,-739.8428553728813,FALSE,FALSE,2,increase_['cleaner']_economy_affordability,,2023-06-17T11:29:47.000Z,Unknown,NA,economy
648d992b24f0f3dd816409a7,1484554572,1005.9728169149016,577.462642885347,FALSE,FALSE,2,increase_[]_rain_rainfall,,2023-06-17T11:29:47.000Z,Unknown,NA,precipitation
648d992b24f0f3dd816409a8,3715595031,1918.0165561414728,1242.886920569837,FALSE,FALSE,2,increase_['human-made']_CO2_emissions,,2023-06-17T11:29:47.000Z,Unknown,NA,emissions
648d992b24f0f3dd816409a9,1764131288,1450.5160269748137,-812.5369052076405,FALSE,FALSE,2,increase_['human']_conflict_rates,,2023-06-17T11:29:47.000Z,Unknown,NA,conflict
648d992b24f0f3dd816409aa,3047887476,1771.8429058085464,-200.64416211875815,FALSE,FALSE,2,increase_['island']_road_erosion,,2023-06-17T11:29:47.000Z,Unknown,NA,infrastructure
648d992b24f0f3dd816409ab,1202237959,2506.2083960088617,438.04424128153113,FALSE,FALSE,2,increase_[]_drought_severity,,2023-06-17T11:29:47.000Z,Unknown,NA,extreme climate
648d992b24f0f3dd816409ac,3734511371,1547.6672233036234,652.3227210737674,FALSE,FALSE,2,increase_['extremely hot']_days_number,,2023-06-17T11:29:47.000Z,Unknown,NA,? inaccurate base
648d992b24f0f3dd816409ad,3635309554,1524.033701014702,637.7790143704008,FALSE,FALSE,2,increase_[]_conditions_likelihood to be hot,,2023-06-17T11:29:47.000Z,Unknown,NA,?
648d992b24f0f3dd816409ae,2505267433,337.17534243128193,-165.8426935078692,FALSE,FALSE,2,increase_[]_heat sensitivity_occurrence,,2023-06-17T11:29:47.000Z,Unknown,NA,temperature
648d992b24f0f3dd816409af,3099653881,219.5886704768143,322.1076174310154,FALSE,FALSE,2,increase_[]_water_demand,,2023-06-17T11:29:47.000Z,Unknown,NA,water
648d992b24f0f3dd816409b0,2509690033,3122.320552279691,-782.1185585201249,FALSE,FALSE,2,increase_['crop']_insurance_cost,,2023-06-17T11:29:47.000Z,Unknown,NA,economy
648d992b24f0f3dd816409b1,2966811852,-1079.5232946153344,-692.4449529103487,FALSE,FALSE,2,decrease_[]_carbon_emissions,,2023-06-17T11:29:47.000Z,Unknown,NA,emissions
648d992b24f0f3dd816409b2,2950023856,1661.2309735512513,-438.74104263821835,FALSE,FALSE,2,increase_[]_community_devastation,,2023-06-17T11:29:47.000Z,Unknown,NA,society
648d992b24f0f3dd816409b3,3655745476,232.7027950111676,-498.1234095270539,FALSE,FALSE,2,increase_[]_ameoba infection_human risk,,2023-06-17T11:29:47.000Z,Unknown,NA,health
648d992b24f0f3dd816409b4,2634485387,2420.8335316488337,-305.9290571673513,FALSE,FALSE,2,increase_[]_tracks_damage,,2023-06-17T11:29:47.000Z,Unknown,NA,transportation
648d992b24f0f3dd816409b5,1001749205,1613.5701919254468,-1566.205177530549,FALSE,TRUE,2,decrease_[]_father_deaths,,2023-06-17T11:29:47.000Z,Unknown,NA,human
648d992b24f0f3dd816409b6,961892557,768.7012525526278,-358.52891401356953,FALSE,FALSE,2,increase_[]_cholera_cases,,2023-06-17T11:29:47.000Z,Unknown,NA,disease
648d992b24f0f3dd816409b7,964437667,1452.5320137593067,-838.538741249085,FALSE,FALSE,2,increase_['intergroup']_conflict_frequency,,2023-06-17T11:29:47.000Z,Unknown,NA,conflict
648d992b24f0f3dd816409b8,3723243709,3184.7437492859317,-391.20385147587825,FALSE,FALSE,2,increase_[]_nutrients_displacement,,2023-06-17T11:29:47.000Z,Unknown,NA,?
648d992b24f0f3dd816409b9,4158836283,2365.4895491456905,-785.1041608649116,FALSE,FALSE,2,increase_[]_military_cost,,2023-06-17T11:29:47.000Z,Unknown,NA,conflict
648d992b24f0f3dd816409ba,2648215708,2295.8677327095147,-490.17294421710153,FALSE,FALSE,2,increase_['insurance']_company_withdrawl,,2023-06-17T11:29:47.000Z,Unknown,NA,economy
648d992b24f0f3dd816409bb,843551825,966.1110829576687,-887.6294586208328,FALSE,FALSE,2,increase_[]_depression_risk,,2023-06-17T11:29:47.000Z,Unknown,NA,health - mental
648d992b24f0f3dd816409bc,3228990313,3134.6952393704923,-508.092934897488,FALSE,FALSE,2,increase_[]_farmland_degradation,,2023-06-17T11:29:47.000Z,Unknown,NA,agriculture
648d992b24f0f3dd816409bd,818495806,1530.7992953369726,-936.3728423272337,FALSE,FALSE,2,increase_['violent']_crime_rates,,2023-06-17T11:29:47.000Z,Unknown,NA,conflict
648d992b24f0f3dd816409be,1075497938,2684.9054921145234,-370.1496191294283,FALSE,FALSE,2,increase_['alpine']_tourism_consequences,,2023-06-17T11:29:47.000Z,Unknown,NA,economy
648d992b24f0f3dd816409bf,3903398984,2502.490212335593,268.5987813712154,FALSE,FALSE,2,increase_['dry']_conditions_occurrence,,2023-06-17T11:29:47.000Z,Unknown,NA,?
648d992b24f0f3dd816409c0,2821424609,778.5484074216137,442.27732974344644,FALSE,FALSE,2,increase_['from snow']_rain_shifts,,2023-06-17T11:29:47.000Z,Unknown,NA,precipitation
648d992b24f0f3dd816409c1,1631443205,979.4851213396857,607.2610298887354,TRUE,FALSE,2,increase_['extreme']_rainfall_amount,,2023-06-17T11:29:47.000Z,Unknown,NA,precipitation
648d992b24f0f3dd816409c2,71293932,2310.4717082516318,424.46596506946975,FALSE,FALSE,2,decrease_[]_vegetation_moisture,,2023-06-17T11:29:47.000Z,Unknown,NA,environment
648d992b24f0f3dd816409c3,3412616028,2547.9409099203035,-653.569314698417,FALSE,FALSE,2,increase_[]_financial_resource asymmetries,,2023-06-17T11:29:47.000Z,Unknown,NA,economy
648d992b24f0f3dd816409c4,2405888770,3639.2594246094313,635.4145672787943,FALSE,FALSE,2,increase_[]_ice sheet_melt,,2023-06-17T11:29:47.000Z,Unknown,NA,temperature
648d992b24f0f3dd816409c5,1946893375,3118.935306937956,-217.14033037737488,FALSE,FALSE,2,increase_['fungal']_disease_risk,,2023-06-17T11:29:47.000Z,Unknown,NA,disease
648d992b24f0f3dd816409c6,1049701399,1290.2057768414415,46.42457282501471,FALSE,FALSE,2,increase_[]_Nitroglycerin_sensitivity,,2023-06-17T11:29:47.000Z,Unknown,NA,?
648d992b24f0f3dd816409c7,3561104882,4146.166115273281,-85.05497364340425,FALSE,FALSE,2,decrease_[]_fishery_productivity,,2023-06-17T11:29:47.000Z,Unknown,NA,fishery
648d992b24f0f3dd816409c8,2994093077,395.2656460728306,-519.0102750547308,FALSE,FALSE,2,decrease_[]_lung_minute-ventilation,,2023-06-17T11:29:47.000Z,Unknown,NA,health
648d992b24f0f3dd816409c9,1925045096,2006.3082133538633,817.9452414618901,FALSE,FALSE,2,increase_['human-caused']_climate change_occurrence,,2023-06-17T11:29:47.000Z,Unknown,NA,climate
648d992b24f0f3dd816409ca,3425576794,4095.4632748301865,70.1981495860883,FALSE,FALSE,2,increase_['kelp']_forests_total destruction,,2023-06-17T11:29:47.000Z,Unknown,NA,ecosystem
648d992b24f0f3dd816409cb,1599844502,1231.313643754725,-403.5800306705221,FALSE,FALSE,2,increase_[]_climate change_impacts,,2023-06-17T11:29:47.000Z,Unknown,NA,climate
648d992b24f0f3dd816409cc,1602195945,-28.47830593269282,-22.19317523239176,FALSE,FALSE,2,increase_[]_heat stroke_risk,,2023-06-17T11:29:47.000Z,Unknown,NA,health
648d992b24f0f3dd816409cd,1062099600,2722.953608424448,917.3426944581543,FALSE,FALSE,2,increase_['freshwater']_lakes_average temperature,,2023-06-17T11:29:47.000Z,Unknown,NA,ecosystem
648d992b24f0f3dd816409ce,1888135545,2387.670367526177,961.6848672563788,FALSE,TRUE,2,increase_[]_global warming_surpass 1.5¬∞C,,2023-06-17T11:29:47.000Z,Unknown,NA,temperature
648d992b24f0f3dd816409cf,3043687587,854.2527287196846,-718.4942380651062,FALSE,FALSE,2,increase_[]_psychological_harm,,2023-06-17T11:29:47.000Z,Unknown,NA,health - mental
648d992b24f0f3dd816409d0,981501799,4333.027755900117,246.6528822426618,FALSE,FALSE,2,increase_[]_coral_bleaching event,,2023-06-17T11:29:47.000Z,Unknown,NA,biodiversity
648d992b24f0f3dd816409d1,2931071050,2169.8363410239585,1066.6203794085645,FALSE,FALSE,2,increase_[]_global warming_occurrence,,2023-06-17T11:29:47.000Z,Unknown,NA,temperature
648d992b24f0f3dd816409d2,3791787991,1579.6096792234264,1747.9640767152641,FALSE,FALSE,2,increase_['offshore']_oil_drilling projects,,2023-06-17T11:29:47.000Z,Unknown,NA,energy
648d992b24f0f3dd816409d3,2113556324,3600.9550392521205,668.3290838950227,FALSE,TRUE,2,increase_[]_permafrost_thaw,,2023-06-17T11:29:47.000Z,Unknown,NA,ecosystem
648d992b24f0f3dd816409d4,3709730401,-840.0299076720692,-630.6444237465716,FALSE,FALSE,2,increase_[]_people_evacuations,,2023-06-17T11:29:47.000Z,Unknown,NA,human
648d992b24f0f3dd816409d5,2783643157,-467.38355609170753,-806.4821663874486,FALSE,FALSE,2,increase_['against single-use plastic pollution']_fight_compellingness,,2023-06-17T11:29:47.000Z,Unknown,NA,conflict
648d992b24f0f3dd816409d6,4046491967,1474.8940138790672,-1124.5870576203802,FALSE,FALSE,2,increase_[]_fear_amount,,2023-06-17T11:29:47.000Z,Unknown,NA,health - mental
648d992b24f0f3dd816409d7,2287990377,55.36706194368821,788.0355235910157,FALSE,FALSE,2,increase_[]_pollen_amount,,2023-06-17T11:29:47.000Z,Unknown,NA,biodiversity
648d992b24f0f3dd816409d8,2863053674,1997.2937884293347,797.4992182055,FALSE,TRUE,2,increase_[]_climate change_intensity,,2023-06-17T11:29:47.000Z,Unknown,NA,climate
648d992b24f0f3dd816409d9,1609996753,1562.2106702085316,492.34190812881246,FALSE,FALSE,2,decrease_[]_snow_snowfall,,2023-06-17T11:29:47.000Z,Unknown,NA,precipitation
648d992b24f0f3dd816409da,3319835179,3429.5271777711678,-571.9814369290124,FALSE,FALSE,2,decrease_[]_to produce food_ability,,2023-06-17T11:29:47.000Z,Unknown,NA,food
648d992b24f0f3dd816409db,1867545414,1216.9084660092365,-200.64416211875815,FALSE,FALSE,2,decrease_[]_community_evacuation notice and chance,,2023-06-17T11:29:47.000Z,Unknown,NA,society
648d992b24f0f3dd816409dc,1898589488,3192.4137192684084,-840.9063850499506,FALSE,FALSE,2,increase_['crop']_insurance_risk,,2023-06-17T11:29:47.000Z,Unknown,NA,economy
648d992b24f0f3dd816409dd,204604569,1933.0751845554782,494.15992047663076,FALSE,FALSE,2,"increase_['hot', 'windless']_days_occurrence",,2023-06-17T11:29:47.000Z,Unknown,NA,? inaccurate base
648d992b24f0f3dd816409de,2744872556,-1091.0884722218293,-497.3417984935561,FALSE,FALSE,2,decrease_['greenhouse']_gas_emissions,,2023-06-17T11:29:47.000Z,Unknown,NA,energy
648d992b24f0f3dd816409df,1150105263,3448.9239790248885,-539.8554301513316,FALSE,FALSE,2,increase_[]_plant_damage,,2023-06-17T11:29:47.000Z,Unknown,NA,biodiversity
648d992b24f0f3dd816409e0,3708348788,969.770228090187,198.48108560463928,FALSE,FALSE,2,increase_[]_levee_breaches,,2023-06-17T11:29:47.000Z,Unknown,NA,infrastructure
648d992b24f0f3dd816409e1,1647925056,2182.7476235719428,-263.952497920001,FALSE,FALSE,2,decrease_[]_financial system_stability,,2023-06-17T11:29:47.000Z,Unknown,NA,economy
648d992b24f0f3dd816409e2,4017711019,-346.00999073955427,-656.3142983332948,FALSE,FALSE,2,increase_[]_community_well-being,,2023-06-17T11:29:47.000Z,Unknown,NA,society
648d992b24f0f3dd816409e3,413639809,1306.8930460023503,-472.86146829867823,FALSE,FALSE,2,increase_['extreme']_weather_events,,2023-06-17T11:29:47.000Z,Unknown,NA,climate
648d992b24f0f3dd816409e4,2893162789,-461.11990111692194,-530.6795851955987,FALSE,FALSE,2,increase_[]_sport_participation,,2023-06-17T11:29:47.000Z,Unknown,NA,sports
648d992b24f0f3dd816409e5,387940889,2343.255855195626,230.6031133364021,FALSE,FALSE,2,increase_[]_water_scarcity,,2023-06-17T11:29:47.000Z,Unknown,NA,water
648d992b24f0f3dd816409e6,3197067105,-1218.0454516335403,-701.0667182508394,FALSE,FALSE,2,decrease_[]_flood_risk,,2023-06-17T11:29:47.000Z,Unknown,NA,extreme climate
648d992b24f0f3dd816409e7,2916326017,2548.0010708423324,-22.540275141761526,FALSE,FALSE,2,increase_[]_wildfire suppression_cost,,2023-06-17T11:29:47.000Z,Unknown,NA,disaster
648d992b24f0f3dd816409e8,1201397652,1701.656671177143,1671.3297801487402,FALSE,FALSE,2,increase_['meat']_industry_size,,2023-06-17T11:29:47.000Z,Unknown,NA,economy
648d992b24f0f3dd816409e9,3616727858,2129.230380722608,-136.3898404255476,FALSE,FALSE,2,increase_[]_home_disaster risk,,2023-06-17T11:29:47.000Z,Unknown,NA,infrastructure
648d992b24f0f3dd816409ea,4275540049,-514.4321693582569,702.0297492807243,FALSE,FALSE,2,decrease_[]_air_quality,,2023-06-17T11:29:47.000Z,Unknown,NA,environment
648d992b24f0f3dd816409eb,2428380153,2942.1606794107793,578.9652099125602,FALSE,FALSE,2,increase_[]_hurricane_size,,2023-06-17T11:29:47.000Z,Unknown,NA,disaster
648d992b24f0f3dd816409ec,997143486,3435.8965679863322,-459.9375328132758,FALSE,FALSE,2,increase_[]_maize_yield losses,,2023-06-17T11:29:47.000Z,Unknown,NA,agriculture
648d992b24f0f3dd816409ed,3502003879,3596.8250144831068,-493.18178317623017,FALSE,FALSE,2,increase_[]_rice_yield losses,,2023-06-17T11:29:47.000Z,Unknown,NA,food
648d992b24f0f3dd816409ee,2803039152,1901.0661954216523,-520.936701961782,FALSE,FALSE,2,increase_['olympic']_marathon_rescheduling,,2023-06-17T11:29:47.000Z,Unknown,NA,sports
648d992b24f0f3dd816409ef,385872606,2055.097222774189,-962.7272088098989,FALSE,FALSE,2,increase_[]_migration_frequency,,2023-06-17T11:29:47.000Z,Unknown,NA,scoiety
648d992b24f0f3dd816409f0,3252706590,730.7966298336474,492.48189136882746,FALSE,FALSE,2,increase_['storm-driven']_precipitation_torrents,,2023-06-17T11:29:47.000Z,Unknown,NA,precipitation
648d992b24f0f3dd816409f1,1624072732,3354.276499042913,-808.0660704005128,FALSE,FALSE,2,increase_['maternal']_malnourishment_occurrence,,2023-06-17T11:29:47.000Z,Unknown,NA,health
648d992b24f0f3dd816409f2,2993589616,3432.315561145927,-555.3727288897813,FALSE,FALSE,2,increase_['soy']_beans_yield losses,,2023-06-17T11:29:47.000Z,Unknown,NA,food
648d992b24f0f3dd816409f3,425019476,1972.7151365271534,1495.3546550344663,FALSE,FALSE,2,increase_['natural']_gas_combustion,,2023-06-17T11:29:47.000Z,Unknown,NA,energy
648d992b24f0f3dd816409f4,3300203521,1877.631855147104,1739.4491958408125,FALSE,FALSE,2,increase_['round-trip']_flights_occurrence,,2023-06-17T11:29:47.000Z,Unknown,NA,transportation
648d992b24f0f3dd816409f5,1191811279,799.5818846828267,-64.222056876973,FALSE,FALSE,2,increase_[]_amoebae_amount,,2023-06-17T11:29:47.000Z,Unknown,NA,disease
648d992b24f0f3dd816409f6,2396796549,1707.3333780935443,1706.8086211517607,FALSE,FALSE,2,increase_[]_fracking_occurrence,,2023-06-17T11:29:47.000Z,Unknown,NA,?
648d992b24f0f3dd816409f7,3139379297,3211.900335793186,495.38365849521233,FALSE,FALSE,2,increase_[]_hurricane_frequency,,2023-06-17T11:29:47.000Z,Unknown,NA,disaster
648d992b24f0f3dd816409f8,2057888247,2403.6432834949605,-226.89107283562254,FALSE,FALSE,2,increase_['federal facility']_flood_cost,,2023-06-17T11:29:47.000Z,Unknown,NA,extreme climate
648d992b24f0f3dd816409f9,1079904793,695.8987409960848,309.1475206998674,FALSE,FALSE,2,increase_[]_flood_severity,,2023-06-17T11:29:47.000Z,Unknown,NA,extreme climate
648d992b24f0f3dd816409fa,2244662140,338.62633668061653,-125.21468900233569,FALSE,FALSE,2,increase_['public']_health_hazard,,2023-06-17T11:29:47.000Z,Unknown,NA,health
648d992b24f0f3dd816409fb,1592647876,1973.7053548102804,248.36262428227315,FALSE,FALSE,2,increase_[]_fire_speed,,2023-06-17T11:29:47.000Z,Unknown,NA,extreme climate
648d992b24f0f3dd816409fc,2640287141,-338.51684928207055,-621.8459534221862,FALSE,FALSE,2,"increase_['physical', 'mental']_health_condition",,2023-06-17T11:29:47.000Z,Unknown,NA,health
648d992b24f0f3dd816409fd,1666932461,2486.720258438229,-740.5514178308058,FALSE,FALSE,2,increase_['economic']_stress_occurrence,,2023-06-17T11:29:47.000Z,Unknown,NA,health - mental
648d992b24f0f3dd816409fe,4262689351,1843.9951831976841,655.958794779302,FALSE,FALSE,2,increase_[]_summer_temperatures,,2023-06-17T11:29:47.000Z,Unknown,NA,temperature
648d992b24f0f3dd816409ff,2654587324,3139.3494867611275,376.272571455049,FALSE,FALSE,2,increase_[]_storm_surge,,2023-06-17T11:29:47.000Z,Unknown,NA,extreme climate
648d992b24f0f3dd81640a00,1816517590,3203.7592976452815,469.33233670412335,FALSE,FALSE,2,increase_[]_cyclone_occurrence,,2023-06-17T11:29:47.000Z,Unknown,NA,disaster
648d992b24f0f3dd81640a01,2624615736,1825.5520780321567,175.11830698333807,FALSE,FALSE,2,increase_[]_wildfire_amount,,2023-06-17T11:29:47.000Z,Unknown,NA,disaster
648d992b24f0f3dd81640a02,2748082669,922.4673025620913,-184.72997213912333,TRUE,FALSE,2,increase_[]_Vibrio_threat duration,,2023-06-17T11:29:47.000Z,Unknown,NA,disease
648d992b24f0f3dd81640a03,2082793064,3426.8601999192797,-525.6713171783531,FALSE,FALSE,2,increase_['banana']_crop_damage,,2023-06-17T11:29:47.000Z,Unknown,NA,food
648d992b24f0f3dd81640a04,2430365567,2502.490212335593,374.29328987928767,FALSE,FALSE,2,increase_['low']_precipitation_periods,,2023-06-17T11:29:47.000Z,Unknown,NA,precipitation
648d992b24f0f3dd81640a05,3064021550,1405.107443297311,895.4127613592042,FALSE,FALSE,2,increase_[]_air_average temperature,,2023-06-17T11:29:47.000Z,Unknown,NA,environment
648d992b24f0f3dd81640a06,890856297,1483.2798743791038,-777.0430205713915,FALSE,FALSE,2,increase_['intra-state and inter-state']_conflict_likelihood,,2023-06-17T11:29:47.000Z,Unknown,NA,conflict
648d992b24f0f3dd81640a07,289798975,2953.3239428819643,526.5464886054248,FALSE,FALSE,2,increase_[]_hurricane_intensity,,2023-06-17T11:29:47.000Z,Unknown,NA,disaster
648d992b24f0f3dd81640a08,1655864598,738.9356889680153,181.15452253417396,FALSE,FALSE,2,increase_[]_water_supply,,2023-06-17T11:29:47.000Z,Unknown,NA,water
648d992b24f0f3dd81640a09,2217336435,372.6927374217785,-240.85521152739722,FALSE,FALSE,2,increase_[]_dehydration_risk,,2023-06-17T11:29:47.000Z,Unknown,NA,health
648d992b24f0f3dd81640a0a,1473158762,1827.227076755467,-760.2519363557919,FALSE,FALSE,2,increase_['new']_naval vessels_deployment,,2023-06-17T11:29:47.000Z,Unknown,NA,transportation
648d992b24f0f3dd81640a0b,4091954635,2131.7940270686336,-149.20807281916433,FALSE,FALSE,2,increase_['bridges']_metal_fatigue,,2023-06-17T11:29:47.000Z,Unknown,NA,materials
648d992b24f0f3dd81640a0c,1337673111,1555.0248021609632,-1099.429717343142,FALSE,FALSE,2,decrease_[]_social control_extent,,2023-06-17T11:29:47.000Z,Unknown,NA,society
648d992b24f0f3dd81640a0d,3007590166,3140.7258351534597,873.9485010381746,FALSE,FALSE,2,increase_[]_sea_temperatures,,2023-06-17T11:29:47.000Z,Unknown,NA,ecosystem - aquatic
648d992b24f0f3dd81640a0e,1175880773,2053.5640742046976,1567.6376865500083,FALSE,FALSE,2,increase_[]_coal_combustion,,2023-06-17T11:29:47.000Z,Unknown,NA,energy
648d992b24f0f3dd81640a0f,1207240986,2774.8494290363906,-213.76762272825073,FALSE,FALSE,2,decrease_[]_work_speed,,2023-06-17T11:29:47.000Z,Unknown,NA,work
648d992b24f0f3dd81640a10,1973547783,3399.708395289719,-595.1086121203032,FALSE,FALSE,2,increase_['wine']_country_damage risk,,2023-06-17T11:29:47.000Z,Unknown,NA,?
648d992b24f0f3dd81640a11,2948959741,3284.084207371274,515.4648857091768,FALSE,FALSE,2,increase_[]_hurricane_rapid intensification occurrence,,2023-06-17T11:29:47.000Z,Unknown,NA,disaster
648d992b24f0f3dd81640a12,3069445118,978.1540930843463,293.4975698646343,FALSE,FALSE,2,increase_['flash']_flood_occurrence,,2023-06-17T11:29:47.000Z,Unknown,NA,extreme climate
648d992b24f0f3dd81640a13,106377738,1942.7114078183288,298.48037542883685,FALSE,FALSE,2,increase_['unprecedented']_lightning_siege,,2023-06-17T11:29:47.000Z,Unknown,NA,extreme climate
648d992b24f0f3dd81640a14,1193236786,3143.666240924106,-869.5410460357641,FALSE,FALSE,2,"increase_['prenatal', 'early children']_malnourishment_occurrence",,2023-06-17T11:29:47.000Z,Unknown,NA,health
648d992b24f0f3dd81640a15,1962311864,3197.0812332052747,260.4971759649824,FALSE,FALSE,2,increase_['stalling']_tropical cyclone_occurrence,,2023-06-17T11:29:47.000Z,Unknown,NA,extreme climate
648d992b24f0f3dd81640a16,3213082478,1639.2356169159655,-1463.597278163224,FALSE,FALSE,2,increase_[]_death_risk,,2023-06-17T11:29:47.000Z,Unknown,NA,health
648d992b24f0f3dd81640a17,3446625458,1880.4853067842066,131.83758663651236,FALSE,FALSE,2,increase_['plumes']_smoke_occurrence,,2023-06-17T11:29:47.000Z,Unknown,NA,pollution
648d992b24f0f3dd81640a18,4154883935,-747.1553164194438,-567.6836164742808,FALSE,FALSE,2,decrease_['human']_greenhouse gas_emissions,,2023-06-17T11:29:47.000Z,Unknown,NA,emissions
648d992b24f0f3dd81640a19,2837629590,2285.9481093238114,4.36881040139113,FALSE,FALSE,2,increase_[]_society_hazard,,2023-06-17T11:29:47.000Z,Unknown,NA,society
648d992b24f0f3dd81640a1a,3649234979,2206.7916078364547,-238.13981874625028,FALSE,FALSE,2,decrease_[]_infrastructure_amount,,2023-06-17T11:29:47.000Z,Unknown,NA,infrastructure
648d992b24f0f3dd81640a1b,387647956,3135.260311819161,280.7698135961198,FALSE,FALSE,2,decrease_[]_storm_speed,,2023-06-17T11:29:47.000Z,Unknown,NA,extreme climate
648d992b24f0f3dd81640a1c,913745846,1792.7888317172988,-1506.17335755791,FALSE,FALSE,2,increase_[]_death_amount,,2023-06-17T11:29:47.000Z,Unknown,NA,health
648d992b24f0f3dd81640a1d,2891441733,1939.8216847193387,-260.59238687664185,FALSE,FALSE,2,increase_['outside']_work_difficulty,,2023-06-17T11:29:47.000Z,Unknown,NA,work
648d992b24f0f3dd81640a1e,2175097184,2674.2710993098285,729.472222844966,TRUE,FALSE,2,decrease_['severe']_weather_events,,2023-06-17T11:29:47.000Z,Unknown,NA,climate
648d992b24f0f3dd81640a1f,815412208,1019.5197685664705,-855.1180048789261,FALSE,FALSE,2,increase_[]_suicide_risk,,2023-06-17T11:29:47.000Z,Unknown,NA,health - mental
648d992b24f0f3dd81640a20,4257194546,-119.8917648130996,-299.33547325374457,FALSE,FALSE,2,increase_[]_respiratory_damage,,2023-06-17T11:29:47.000Z,Unknown,NA,health
648d992b24f0f3dd81640a21,4244105479,4183.350648253036,-46.273307164984885,FALSE,FALSE,2,increase_[]_fishery_productivity,,2023-06-17T11:29:47.000Z,Unknown,NA,fishery
648d992b24f0f3dd81640a22,3063399344,-630.9215114752474,-621.4777781532167,FALSE,FALSE,2,decrease_[]_global warming_speed,,2023-06-17T11:29:47.000Z,Unknown,NA,temperature
648d992b24f0f3dd81640a23,3669900514,1370.163576589054,868.9330812646856,FALSE,FALSE,2,increase_[]_air_warming,,2023-06-17T11:29:47.000Z,Unknown,NA,environment
648d992b24f0f3dd81640a24,3539128322,3300.945074605779,-201.02350397531313,FALSE,FALSE,2,increase_['hurricane-related']_disaster relief_cost,,2023-06-17T11:29:47.000Z,Unknown,NA,disaster
648d992b24f0f3dd81640a25,3368066912,1807.2412136033122,463.10185409628525,FALSE,FALSE,2,increase_[]_heat dome_occurrence,,2023-06-17T11:29:47.000Z,Unknown,NA,temperature
648d992b24f0f3dd81640a26,3248215284,3066.333943635911,1190.767619673126,FALSE,FALSE,2,increase_['excess']_heat_amount,,2023-06-17T11:29:47.000Z,Unknown,NA,temperature
648d992b24f0f3dd81640a27,584998545,2622.497441005808,-623.8678541795362,FALSE,FALSE,2,increase_[]_housing instability_severity risk,,2023-06-17T11:29:47.000Z,Unknown,NA,infrastructure
648d992b24f0f3dd81640a28,1902593062,2913.5831202329514,-50.66200592877105,FALSE,FALSE,2,increase_[]_forests_damage,,2023-06-17T11:29:47.000Z,Unknown,NA,ecosystem
648d992b24f0f3dd81640a29,3332229124,-51.69444083256235,-68.62533211221482,FALSE,FALSE,2,increase_['nonexclusive']_breast-feeding_occurrence,,2023-06-17T11:29:47.000Z,Unknown,NA,health
648d992b24f0f3dd81640a2a,1686049628,1982.028572606804,235.04542387200323,FALSE,FALSE,2,increase_[]_fire_frequency,,2023-06-17T11:29:47.000Z,Unknown,NA,extreme climate
648d992b24f0f3dd81640a2b,808616080,2533.060401432022,886.7610996623579,FALSE,FALSE,2,increase_[]_climate_disruption,,2023-06-17T11:29:47.000Z,Unknown,NA,climate
648d992b24f0f3dd81640a2c,2229704979,837.4628287158642,-139.24986887885893,FALSE,FALSE,2,increase_['water- borne']_illness_incidence,,2023-06-17T11:29:47.000Z,Unknown,NA,health
648d992b24f0f3dd81640a2d,3400369482,2502.2443563564148,407.2103576786885,FALSE,FALSE,2,decrease_[]_rain_rainfall,,2023-06-17T11:29:47.000Z,Unknown,NA,precipitation
648d992b24f0f3dd81640a2e,458305070,4564.953236012674,256.87453602697735,FALSE,FALSE,2,decrease_['living']_coral_symbiotic algae amount,,2023-06-17T11:29:47.000Z,Unknown,NA,biodiversity
648d992b24f0f3dd81640a2f,3395523755,2465.861049011711,-100.9484789668592,FALSE,FALSE,2,increase_['outdoor']_worker_number,,2023-06-17T11:29:47.000Z,Unknown,NA,work
648d992b24f0f3dd81640a30,4139791754,4240.420457914984,498.209693463332,FALSE,FALSE,2,increase_['marine']_heat wave_occurrence,,2023-06-17T11:29:47.000Z,Unknown,NA,temperature
648d992b24f0f3dd81640a31,490175289,409.15494583937857,-554.3134421635757,FALSE,FALSE,2,increase_[]_pneumonia_complications,,2023-06-17T11:29:47.000Z,Unknown,NA,disease
648d992b24f0f3dd81640a32,2521734572,1932.3825122370051,-1475.4627467197317,FALSE,FALSE,2,increase_[]_tsunami_deadliness,,2023-06-17T11:29:47.000Z,Unknown,NA,extreme climate
648d992b24f0f3dd81640a33,4215609966,728.6354450019044,-165.77992911401316,FALSE,FALSE,2,increase_[]_infection_susceptibility,,2023-06-17T11:29:47.000Z,Unknown,NA,health
648d992b24f0f3dd81640a34,3832797104,2327.8964721986426,920.9967487268723,FALSE,FALSE,2,increase_[]_world_average temperature,,2023-06-17T11:29:47.000Z,Unknown,NA,? inaccurate base
648d992b24f0f3dd81640a35,680085827,2396.0160091442335,129.54267577780269,FALSE,FALSE,2,increase_[]_biosphere_temperatures,,2023-06-17T11:29:47.000Z,Unknown,NA,ecosystem
648d992b24f0f3dd81640a36,3530920422,1082.139858583182,946.5482408693692,FALSE,FALSE,2,increase_['shrub']_tundra_expansion into colder regions,,2023-06-17T11:29:47.000Z,Unknown,NA,ecosystem
648d992b24f0f3dd81640a37,164674263,2206.4312526915473,773.7968638969642,FALSE,FALSE,2,increase_[]_land_average temperature,,2023-06-17T11:29:47.000Z,Unknown,NA,ecosystem
648d992b24f0f3dd81640a38,711527506,1933.0751738193028,446.8928246807906,FALSE,FALSE,2,increase_[]_heat wave_frequency,,2023-06-17T11:29:47.000Z,Unknown,NA,temperature
648d992b24f0f3dd81640a39,3323138801,2758.870978197305,290.8264623401743,FALSE,FALSE,2,increase_['wind']_streams_occurrence,,2023-06-17T11:29:47.000Z,Unknown,NA,ecosystem - aquatic
648d992b24f0f3dd81640a3a,3741110601,1678.557116669337,305.9780020600059,FALSE,TRUE,2,increase_[]_fire_intensity,,2023-06-17T11:29:47.000Z,Unknown,NA,extreme climate
648d992b24f0f3dd81640a3b,2914585234,1768.0666622267481,-1520.2274189573445,FALSE,FALSE,2,increase_[]_people_deaths,,2023-06-17T11:29:47.000Z,Unknown,NA,human
648d992b24f0f3dd81640a3c,1897205423,2788.241650434884,332.18110108402686,FALSE,FALSE,2,increase_['unusually cold']_nights_occurrence,,2023-06-17T11:29:47.000Z,Unknown,NA,? inaccurate base
648d992b24f0f3dd81640a3d,2063752946,1940.347016095103,525.0653070232651,FALSE,FALSE,2,increase_[]_ice sheet_melting in rapid bursts,,2023-06-17T11:29:47.000Z,Unknown,NA,temperature
648d992b24f0f3dd81640a3e,2863858664,-1280.0083177774668,-545.1851621724514,FALSE,FALSE,2,increase_[]_population_success,,2023-06-17T11:29:47.000Z,Unknown,NA,human
648d992b24f0f3dd81640a3f,1019197925,2503.9447239323003,292.84064112077345,FALSE,FALSE,2,increase_[]_drought_duration,,2023-06-17T11:29:47.000Z,Unknown,NA,extreme climate
648d992b24f0f3dd81640a40,2512246590,3420.160398281203,190.04092195399363,FALSE,FALSE,2,increase_[]_Earth axis_rotation wobble,,2023-06-17T11:29:47.000Z,Unknown,NA,environment
648d992b24f0f3dd81640a41,2698840464,-34.28227509552448,37.29816700152828,FALSE,FALSE,2,decrease_[]_cognitive function_effectiveness,,2023-06-17T11:29:47.000Z,Unknown,NA,health - mental
648d992b24f0f3dd81640a42,723915832,1301.6147550372293,799.4842968399098,FALSE,FALSE,2,increase_[]_air_temperatures,,2023-06-17T11:29:47.000Z,Unknown,NA,environment
648d992b24f0f3dd81640a43,4092905889,495.33507562101295,-49.76215602897244,FALSE,FALSE,2,increase_['heat-related']_illness_risk,,2023-06-17T11:29:47.000Z,Unknown,NA,health
648d992b24f0f3dd81640a44,1764348482,3190.8415290508306,-455.86257751927934,FALSE,FALSE,2,decrease_[]_crop_planting,,2023-06-17T11:29:47.000Z,Unknown,NA,food
648d992b24f0f3dd81640a45,2667627907,1757.717616369245,-1563.693716231157,FALSE,FALSE,2,increase_[]_death_rates,,2023-06-17T11:29:47.000Z,Unknown,NA,health
648d992b24f0f3dd81640a46,2892942398,-1193.4342319186094,-660.9200211890906,FALSE,FALSE,2,decrease_[]_drought_risk,,2023-06-17T11:29:47.000Z,Unknown,NA,extreme climate
648d992b24f0f3dd81640a47,871092415,24.95769367388084,746.6325174800626,FALSE,FALSE,2,"increase_['ragweed', 'grasses']_plant_pollen production",,2023-06-17T11:29:47.000Z,Unknown,NA,biodiversity
648d992b24f0f3dd81640a48,1356127286,2015.289631000972,1512.3845724552084,FALSE,FALSE,2,increase_['leaded']_fuels_combustion,,2023-06-17T11:29:47.000Z,Unknown,NA,energy
648d992b24f0f3dd81640a49,352074513,1383.2017900921135,-498.8235509321586,FALSE,TRUE,2,increase_[]_weather_events,,2023-06-17T11:29:47.000Z,Unknown,NA,climate
648d992b24f0f3dd81640a4a,733251100,1673.5446435308154,224.52665895882922,FALSE,FALSE,2,increase_['very large']_wildfire_occurrence,,2023-06-17T11:29:47.000Z,Unknown,NA,disaster
648d992b24f0f3dd81640a4b,2039271593,1834.9053669327145,643.2330514138558,FALSE,FALSE,2,increase_[]_heat wave_duration,,2023-06-17T11:29:47.000Z,Unknown,NA,temperature
648d992b24f0f3dd81640a4c,1647953974,-932.7697678688808,-690.5335082030475,FALSE,FALSE,2,decrease_[]_disease_risk,,2023-06-17T11:29:47.000Z,Unknown,NA,disease
648d992b24f0f3dd81640a4d,2091948294,-818.1153388208035,-483.952242049167,FALSE,FALSE,2,"decrease_['coal', 'gas', 'oil']_investments_values",,2023-06-17T11:29:47.000Z,Unknown,NA,economy
648d992b24f0f3dd81640a4e,566140866,736.6827671607563,477.0308470420234,FALSE,FALSE,2,increase_['extreme']_precipitation_occurrence,,2023-06-17T11:29:47.000Z,Unknown,NA,precipitation
648d992b24f0f3dd81640a4f,1038969192,-1049.378819196509,-550.0921236690102,FALSE,FALSE,2,decrease_[]_climate change_magnitude,,2023-06-17T11:29:47.000Z,Unknown,NA,climate
648d992b24f0f3dd81640a50,982373263,4524.389068794457,169.18103089904062,FALSE,FALSE,2,increase_['coral']_reef_total destruction,,2023-06-17T11:29:47.000Z,Unknown,NA,ecosystem - aquatic
648d992b24f0f3dd81640a51,1739962170,4048.591547410676,303.1655501914224,FALSE,FALSE,2,increase_[]_biodiversity_losses,,2023-06-17T11:29:47.000Z,Unknown,NA,biodiversity
648d992b24f0f3dd81640a52,1228161083,1368.660160816978,-301.15959783048106,FALSE,FALSE,2,increase_[]_natural resources_availability,,2023-06-17T11:29:47.000Z,Unknown,NA,resources
648d992b24f0f3dd81640a53,305867439,1101.069636940042,-650.2347177060535,FALSE,FALSE,2,increase_['mental']_health_issues,,2023-06-17T11:29:47.000Z,Unknown,NA,health
648d992b24f0f3dd81640a54,4146376821,-414.801082202697,-833.6395481288329,FALSE,FALSE,2,increase_['good']_deed_occurrence,,2023-06-17T11:29:47.000Z,Unknown,NA,?
648d992b24f0f3dd81640a55,2744195807,1040.234133985207,-707.0388381812809,FALSE,FALSE,2,increase_['mental']_health_impacts,,2023-06-17T11:29:47.000Z,Unknown,NA,health
648d992b24f0f3dd81640a56,1894972368,649.21408880519175,-502.308574325643,FALSE,FALSE,2,increase_[]_alveolocapillary membrane_thickness,,2023-06-17T11:29:47.000Z,Unknown,NA,health
648d992b24f0f3dd81640a57,1341395066,-1062.2331209190352,-635.8589273956293,FALSE,FALSE,2,decrease_['meat']_eating_amount,,2023-06-17T11:29:47.000Z,Unknown,NA,health
648d992b24f0f3dd81640a58,3048162376,3528.3298310982227,-284.6657399654006,FALSE,FALSE,2,increase_[]_tree_mortality,,2023-06-17T11:29:47.000Z,Unknown,NA,environment
648d992b24f0f3dd81640a59,209328636,738.2214578141453,447.88789576068825,FALSE,FALSE,2,increase_['flooding']_rain_occurrence,,2023-06-17T11:29:47.000Z,Unknown,NA,precipitation
648d992b24f0f3dd81640a5a,1008255354,2136.6872197775933,566.8785324093017,FALSE,FALSE,2,increase_['heat-retaining']_asphalt_presence,,2023-06-17T11:29:47.000Z,Unknown,NA,materials
648d992b24f0f3dd81640a5b,1208774984,1246.6093306812024,-461.16462847684966,FALSE,FALSE,2,"increase_['extreme', 'adverse']_weather_occurrence",,2023-06-17T11:29:47.000Z,Unknown,NA,climate
648d992b24f0f3dd81640a5c,2980645757,2185.630893403732,-326.0995695788067,FALSE,FALSE,2,"increase_['water', 'metal']_pipes_leaks",,2023-06-17T11:29:47.000Z,Unknown,NA,infrastructure
648d992b24f0f3dd81640a5d,2253339172,2394.303425171526,1506.087771348663,FALSE,FALSE,2,increase_[]_methane_emissions,,2023-06-17T11:29:47.000Z,Unknown,NA,emissions
648d992b24f0f3dd81640a5e,1097976298,1691.286061171104,430.53115463950286,FALSE,FALSE,2,increase_[]_heat wave_severity,,2023-06-17T11:29:47.000Z,Unknown,NA,temperature
648d992b24f0f3dd81640a5f,4239570747,783.861286104821,-322.25311736550134,FALSE,FALSE,2,increase_['viral respiratory']_infection_occurrence,,2023-06-17T11:29:47.000Z,Unknown,NA,health
648d992b24f0f3dd81640a60,2000782527,1322.8667492559816,827.4276995544033,FALSE,FALSE,2,increase_[]_air_global temperatures,,2023-06-17T11:29:47.000Z,Unknown,NA,environment
648d992b24f0f3dd81640a61,1542778642,1495.3926679565996,-744.431653545342,FALSE,FALSE,2,increase_['geopolitical']_conflict_occurrence,,2023-06-17T11:29:47.000Z,Unknown,NA,conflict
648d992b24f0f3dd81640a62,435476402,2026.461288248041,21.060331807161504,FALSE,FALSE,2,increase_['extreme']_climate- and weather-related events_severity,,2023-06-17T11:29:47.000Z,Unknown,NA,climate
648d992b24f0f3dd81640a63,2740165734,2053.197383885077,-205.42754160137162,FALSE,FALSE,2,"increase_['water', 'metal']_pipes_cracks",,2023-06-17T11:29:47.000Z,Unknown,NA,infrastructure
648d992b24f0f3dd81640a64,772362358,3743.216090682452,597.6404654330001,FALSE,FALSE,2,decrease_[]_ice_cover area,,2023-06-17T11:29:47.000Z,Unknown,NA,temperature
648d992b24f0f3dd81640a65,516894103,1999.6789406929984,1408.7863567263887,FALSE,FALSE,2,increase_[]_cars_exhaust,,2023-06-17T11:29:47.000Z,Unknown,NA,?
648d992b24f0f3dd81640a66,2829355890,-411.902232902489,-769.8644937936385,FALSE,FALSE,2,increase_['renewable']_energy_good choices,,2023-06-17T11:29:47.000Z,Unknown,NA,energy
648d992b24f0f3dd81640a67,3657941235,1200.0352765885686,104.94479075806012,FALSE,FALSE,2,increase_['destructive']_mudslides_risk,,2023-06-17T11:29:47.000Z,Unknown,NA,disaster
648d992b24f0f3dd81640a68,1170543909,1232.3891737066006,531.6417236899006,FALSE,FALSE,2,increase_[]_Nitroglycerin_moisture,,2023-06-17T11:29:47.000Z,Unknown,NA,?
648d992b24f0f3dd81640a69,2408849692,1373.0393539781135,776.1253075744632,FALSE,FALSE,2,increase_[]_air_heat,,2023-06-17T11:29:47.000Z,Unknown,NA,environment
648d992b24f0f3dd81640a6a,48721790,1174.4630036720482,250.5656594082142,FALSE,FALSE,2,increase_[]_managed retreat_talk,,2023-06-17T11:29:47.000Z,Unknown,NA,?
648d992b24f0f3dd81640a6b,2931833982,2764.2238522099456,650.6533067353354,FALSE,FALSE,2,increase_['tornadic']_storm_days supportive of,,2023-06-17T11:29:47.000Z,Unknown,NA,extreme climate
648d992b24f0f3dd81640a6c,4239063685,1571.7841389619634,-867.0216913465468,FALSE,FALSE,2,increase_[]_anger_provocation,,2023-06-17T11:29:47.000Z,Unknown,NA,health - mental
648d992b24f0f3dd81640a6d,1849521035,2482.967511897966,-699.2712044866171,FALSE,FALSE,2,decrease_[]_economy_productivity,,2023-06-17T11:29:47.000Z,Unknown,NA,economy
648d992b24f0f3dd81640a6e,3334238732,1348.9282663578788,846.7325282568597,FALSE,FALSE,2,increase_[]_air_rising temperatures,,2023-06-17T11:29:47.000Z,Unknown,NA,environment
648d992b24f0f3dd81640a6f,1881736072,1838.5413324661508,621.4174129429692,FALSE,FALSE,2,increase_[]_heat wave_occurrence,,2023-06-17T11:29:47.000Z,Unknown,NA,temperature
648d992b24f0f3dd81640a70,805387878,-389.4427539897222,-889.1451241789798,FALSE,FALSE,2,decrease_[]_urgency_sense,,2023-06-17T11:29:47.000Z,Unknown,NA,?
648d992b24f0f3dd81640a71,1199942001,393.7646156464816,96.78936238079027,FALSE,FALSE,2,increase_[]_health_effects,,2023-06-17T11:29:47.000Z,Unknown,NA,health
648d992b24f0f3dd81640a72,545753202,-808.544470740146,-412.1707280916286,FALSE,FALSE,2,increase_['climate']_regulations_strictness,,2023-06-17T11:29:47.000Z,Unknown,NA,society
648d992b24f0f3dd81640a73,4143112916,753.2375124664038,549.1356079367667,FALSE,FALSE,2,increase_['record']_rain_occurrence,,2023-06-17T11:29:47.000Z,Unknown,NA,precipitation
648d992b24f0f3dd81640a74,3486128989,-605.4625097467208,-768.0828576900135,FALSE,FALSE,2,decrease_[]_methane_emissions,,2023-06-17T11:29:47.000Z,Unknown,NA,emissions
648d992b24f0f3dd81640a75,824236872,282.0371888175191,130.1626489701439,FALSE,FALSE,2,increase_[]_fertilizer_waterway contamination,,2023-06-17T11:29:47.000Z,Unknown,NA,agriculture
648d992b24f0f3dd81640a76,703301698,835.0702141127337,365.59842909334344,FALSE,FALSE,2,increase_['devastating']_flood_risk,,2023-06-17T11:29:47.000Z,Unknown,NA,extreme climate
648d992b24f0f3dd81640a77,2261956420,2335.2732374623165,1454.9282765887524,FALSE,FALSE,2,increase_[]_carbon_emissions,,2023-06-17T11:29:47.000Z,Unknown,NA,emissions
648d992b24f0f3dd81640a78,544568328,3156.2363566866634,599.3954461172636,FALSE,FALSE,2,increase_[]_hurricane_central pressure,,2023-06-17T11:29:47.000Z,Unknown,NA,disaster
648d992b24f0f3dd81640a79,350024020,3433.164046592352,-512.578623477571,FALSE,FALSE,2,increase_[]_tree_withering,,2023-06-17T11:29:47.000Z,Unknown,NA,environment
648d992b24f0f3dd81640a7a,2421705487,2435.990830677976,1692.5144936360552,FALSE,FALSE,2,increase_['parasitic']_infection_occurrence,,2023-06-17T11:29:47.000Z,Unknown,NA,health
648d992b24f0f3dd81640a7b,4005013611,2153.5652497625283,-739.1460063327801,FALSE,FALSE,2,increase_['modern-day']_slavery_growth,,2023-06-17T11:29:47.000Z,Unknown,NA,society
648d992b24f0f3dd81640a7c,3660195283,1167.2497143173684,441.2003956573263,FALSE,FALSE,2,increase_[]_storm_strength,,2023-06-17T11:29:47.000Z,Unknown,NA,extreme climate
648d992b24f0f3dd81640a7d,429340181,191.90112240552776,-273.0330122603279,FALSE,FALSE,2,increase_['common variable']_immunodeficiency_occurrence,,2023-06-17T11:29:47.000Z,Unknown,NA,health
648d992b24f0f3dd81640a7e,1600029154,428.3471840884083,157.7988861963492,FALSE,FALSE,2,increase_[]_health_risk,,2023-06-17T11:29:47.000Z,Unknown,NA,health
648d992b24f0f3dd81640a7f,3439657429,975.3594860731818,303.55815487329124,FALSE,FALSE,2,increase_['urban']_flood_occurrence,,2023-06-17T11:29:47.000Z,Unknown,NA,extreme climate
648d992b24f0f3dd81640a80,1203608913,1766.9002556982969,156.85950969406917,FALSE,FALSE,2,increase_[]_wildfire_frequency,,2023-06-17T11:29:47.000Z,Unknown,NA,disaster
648d992b24f0f3dd81640a81,237358104,1272.7024632289458,-571.8345727229774,FALSE,FALSE,2,increase_[]_climate change_threat,,2023-06-17T11:29:47.000Z,Unknown,NA,climate
648d992b24f0f3dd81640a82,3283924346,777.9055586378879,-298.43021787564317,FALSE,FALSE,2,increase_[]_Vibrio_concentration,,2023-06-17T11:29:47.000Z,Unknown,NA,disease
648d992b24f0f3dd81640a83,310771246,3539.6043319366554,-427.47481315281505,FALSE,FALSE,2,increase_[]_crop_losses,,2023-06-17T11:29:47.000Z,Unknown,NA,food
648d992b24f0f3dd81640a84,1495047256,1850.0574444287683,1078.415670535095,FALSE,FALSE,2,increase_[]_climate change_occurrence,,2023-06-17T11:29:47.000Z,Unknown,NA,climate
648d992b24f0f3dd81640a85,3749313334,2000.565884374478,-446.24015698528797,FALSE,FALSE,2,increase_['wireless']_networks_damage risk,,2023-06-17T11:29:47.000Z,Unknown,NA,scoiety
648d992b24f0f3dd81640a86,3763395158,2102.1457708560874,605.0558213175177,FALSE,FALSE,2,increase_['heat-retaining']_concrete_presence,,2023-06-17T11:29:47.000Z,Unknown,NA,materials
648d992b24f0f3dd81640a87,1563235187,2822.527418116142,-651.7507986862906,FALSE,FALSE,2,decrease_['dairy']_farming_efficiency,,2023-06-17T11:29:47.000Z,Unknown,NA,agriculture
648d992b24f0f3dd81640a88,3011357776,1271.6518049726344,-13.602984420256462,FALSE,FALSE,2,increase_[]_Nitroglycerin_explosion,,2023-06-17T11:29:47.000Z,Unknown,NA,?
648d992b24f0f3dd81640a89,1685371715,1539.0472819054464,26.779190453834815,FALSE,FALSE,2,increase_['housed on site']_waste_release,,2023-06-17T11:29:47.000Z,Unknown,NA,pollution
648d992b24f0f3dd81640a8a,1593860680,3165.9766245069686,695.0543638906008,FALSE,FALSE,2,decrease_[]_wind_shear,,2023-06-17T11:29:47.000Z,Unknown,NA,extreme climate
648d992b24f0f3dd81640a8b,1092714380,1898.9369647490907,1260.3765465345432,FALSE,FALSE,2,increase_['human-made']_CO2_growth,,2023-06-17T11:29:47.000Z,Unknown,NA,emissions
648d992b24f0f3dd81640a8c,145893722,2066.2027769131864,-1024.4112516843504,FALSE,FALSE,2,increase_['massive']_relocation_occurrence,,2023-06-17T11:29:47.000Z,Unknown,NA,society
648d992b24f0f3dd81640a8d,1676904153,1035.9071473801941,-97.6414679983535,FALSE,FALSE,2,increase_['extreme']_heat_exposure,,2023-06-17T11:29:47.000Z,Unknown,NA,temperature
648d992b24f0f3dd81640a8e,4019403902,2116.689623994659,586.8761291264317,FALSE,FALSE,2,increase_['hot']_pavement_occurrence,,2023-06-17T11:29:47.000Z,Unknown,NA,infrastructure
648d992b24f0f3dd81640a8f,724883391,2256.5660326917978,1415.5747706396091,FALSE,FALSE,2,increase_[]_greenhouse gas_emissions,,2023-06-17T11:29:47.000Z,Unknown,NA,emissions
648d992b24f0f3dd81640a90,3055697328,2516.899878164896,328.9102565419324,FALSE,FALSE,2,increase_['extremely dry']_weather_condition,,2023-06-17T11:29:47.000Z,Unknown,NA,climate
648d992b24f0f3dd81640a91,3478749249,958.2061862679208,-461.8481665622521,FALSE,FALSE,2,increase_[]_health care_cost,,2023-06-17T11:29:47.000Z,Unknown,NA,health
648d992b24f0f3dd81640a92,1284488539,257.36995999598435,-321.10059599797376,FALSE,FALSE,2,increase_['internal']_corrosion_occurrence,,2023-06-17T11:29:47.000Z,Unknown,NA,?
648d992b24f0f3dd81640a93,247568231,1286.1917812081892,-525.1206226437871,FALSE,FALSE,2,increase_['extreme']_climate- and weather-related events_frequency,,2023-06-17T11:29:47.000Z,Unknown,NA,climate
648d992b24f0f3dd81640a94,2461848133,879.6611029326007,-16.863330932176574,FALSE,FALSE,2,increase_['federal facility']_flood_risk,,2023-06-17T11:29:47.000Z,Unknown,NA,extreme climate
648d992b24f0f3dd81640a95,3326071119,-919.3430326274205,-515.7430854837371,FALSE,FALSE,2,increase_[]_population control_effectiveness,,2023-06-17T11:29:47.000Z,Unknown,NA,human
648d992b24f0f3dd81640a96,626203974,979.2719358888118,316.4133468287979,FALSE,FALSE,2,increase_[]_flood_events,,2023-06-17T11:29:47.000Z,Unknown,NA,extreme climate
648d992b24f0f3dd81640a97,1602056034,1226.8146778891837,-449.4677886550211,FALSE,FALSE,2,increase_['natural']_catastrophes_occurrence,,2023-06-17T11:29:47.000Z,Unknown,NA,disaster
648d992b24f0f3dd81640a98,2472159188,-483.74383622414007,732.7180814959581,FALSE,FALSE,2,increase_['elemental lead (Pb)']_particulate_amount,,2023-06-17T11:29:47.000Z,Unknown,NA,pollution
648d992b24f0f3dd81640a99,2644557028,386.5095952165191,61.96531692300469,FALSE,FALSE,2,increase_[]_health_impacts,,2023-06-17T11:29:47.000Z,Unknown,NA,health
648d992b24f0f3dd81640a9a,3208505622,93.2353831848095,852.3955620716683,FALSE,FALSE,2,increase_[]_photosynthesis_rates,,2023-06-17T11:29:47.000Z,Unknown,NA,environment
648d992b24f0f3dd81640a9b,3643389326,891.4546864578389,650.963506375876,FALSE,FALSE,2,increase_['water']_vapor_amount,,2023-06-17T11:29:47.000Z,Unknown,NA,environment
648d992b24f0f3dd81640a9c,1121142475,-458.5065443814326,-747.6719649489052,FALSE,FALSE,2,decrease_['single-use']_plastic_production,,2023-06-17T11:29:47.000Z,Unknown,NA,pollution
648d992b24f0f3dd81640a9d,1107686733,975.9183854950816,340.447129700553,FALSE,FALSE,2,increase_[]_flood_frequency,,2023-06-17T11:29:47.000Z,Unknown,NA,extreme climate
648d992b24f0f3dd81640a9e,2801310426,2574.2675278435895,81.3573000695252,FALSE,FALSE,2,increase_[]_hurricane_destruction,,2023-06-17T11:29:47.000Z,Unknown,NA,disaster
648d992b24f0f3dd81640a9f,1694421885,-995.4017173181472,-424.9633937859893,FALSE,FALSE,2,increase_['urgent']_mitigation_ambition,,2023-06-17T11:29:47.000Z,Unknown,NA,scoiety
648d992b24f0f3dd81640aa0,1152816384,717.3390923000643,-186.15697117875646,FALSE,FALSE,2,increase_[]_Hantavirus_outbreak,,2023-06-17T11:29:47.000Z,Unknown,NA,disease
648d992b24f0f3dd81640aa1,3122390042,962.5042498611599,183.39020809165365,FALSE,FALSE,2,increase_[]_levee_overtopping,,2023-06-17T11:29:47.000Z,Unknown,NA,infrastructure
648d992b24f0f3dd81640aa2,2500574818,2601.6044931885863,810.1864249060923,FALSE,FALSE,2,increase_[]_climate shock_likelihood,,2023-06-17T11:29:47.000Z,Unknown,NA,disaster
648d992b24f0f3dd81640aa3,355603861,2174.2036572687393,1085.8365715301632,FALSE,FALSE,2,increase_['human-caused']_global warming_occurrence,,2023-06-17T11:29:47.000Z,Unknown,NA,temperature
648d992b24f0f3dd81640aa4,3444016934,3624.2381091968346,648.1826849105794,FALSE,FALSE,2,increase_[]_ice sheet_melting occurrence,,2023-06-17T11:29:47.000Z,Unknown,NA,temperature
648d992b24f0f3dd81640aa5,4124281311,1008.801155553873,550.1092337015107,FALSE,FALSE,2,increase_['heavy']_snow_amount,,2023-06-17T11:29:47.000Z,Unknown,NA,precipitation
648d992b24f0f3dd81640aa6,1749972635,2595.8143087677445,-559.3913991426322,FALSE,FALSE,2,increase_[]_financial_tolls,,2023-06-17T11:29:47.000Z,Unknown,NA,economy
648d992b24f0f3dd81640aa7,695535092,2571.6388186211534,62.95633482142506,FALSE,FALSE,2,increase_[]_hurricane_damage,,2023-06-17T11:29:47.000Z,Unknown,NA,disaster
648d992b24f0f3dd81640aa8,2328891141,-152.03966406274344,-828.9751444307032,FALSE,FALSE,2,increase_['energy-efficient']_light bulb_installation,,2023-06-17T11:29:47.000Z,Unknown,NA,? inaccurate base
648d992b24f0f3dd81640aa9,2101302250,1480.4845339917574,-1072.408870378701,FALSE,FALSE,2,increase_[]_retaliation_amount,,2023-06-17T11:29:47.000Z,Unknown,NA,?
648d992b24f0f3dd81640aaa,3813323042,-451.0455296337659,-650.4195171996994,FALSE,FALSE,2,increase_[]_community_cohesion,,2023-06-17T11:29:47.000Z,Unknown,NA,society
648d992b24f0f3dd81640aab,1756437579,2249.1054200255244,340.2727796636487,FALSE,FALSE,2,increase_['desiccated']_soil_amount,,2023-06-17T11:29:47.000Z,Unknown,NA,environment
648d992b24f0f3dd81640aac,4059557773,335.7243941734016,-669.3421277433682,FALSE,FALSE,2,increase_[]_infection_progression rate,,2023-06-17T11:29:47.000Z,Unknown,NA,health
648d992b24f0f3dd81640aad,469754734,2760.6091707019864,700.2151213585552,FALSE,FALSE,2,increase_['severe']_thunderstorm_environments occurence,,2023-06-17T11:29:47.000Z,Unknown,NA,extreme climate
648d992b24f0f3dd81640aae,1760473057,1667.2791610051856,207.60985643531586,FALSE,FALSE,2,increase_['severe']_wildfire_occurrence,,2023-06-17T11:29:47.000Z,Unknown,NA,disaster
648d992b24f0f3dd81640aaf,2046886029,2172.456730770827,1049.151113843475,FALSE,FALSE,2,increase_['anthropogenic']_climate change_occurrence,,2023-06-17T11:29:47.000Z,Unknown,NA,climate
648d992b24f0f3dd81640ab0,794325963,1494.7490438563195,-343.4885055835693,FALSE,FALSE,2,increase_['municipal']_infrastructure_damage,,2023-06-17T11:29:47.000Z,Unknown,NA,infrastructure
648d992b24f0f3dd81640ab1,3549044348,893.9919066556529,636.374684234075,FALSE,FALSE,2,increase_[]_atmosphere_moisture,,2023-06-17T11:29:47.000Z,Unknown,NA,environment
648d992b24f0f3dd81640ab2,1978379651,3571.3061324455402,-257.69200491966217,FALSE,FALSE,2,decrease_[]_tree_number,,2023-06-17T11:29:47.000Z,Unknown,NA,environment
648d992b24f0f3dd81640ab3,3400525269,4553.717328210816,143.51880241049733,FALSE,FALSE,2,increase_['tropical']_dinoflagellate_amount,,2023-06-17T11:29:47.000Z,Unknown,NA,disease
648d992b24f0f3dd81640ab4,3013964678,1516.7615996198576,561.424563979703,FALSE,FALSE,2,increase_['severe']_heat wave_occurrence,,2023-06-17T11:29:47.000Z,Unknown,NA,temperature
648d992b24f0f3dd81640ab5,2244668000,1853.8510185403375,274.9968696714225,FALSE,FALSE,2,increase_[]_fire_ignition occurrence,,2023-06-17T11:29:47.000Z,Unknown,NA,extreme climate
648d992b24f0f3dd81640ab6,4038908120,1176.5238811950005,292.81453943210624,FALSE,FALSE,2,increase_[]_beaches_submersion,,2023-06-17T11:29:47.000Z,Unknown,NA,environment
648d992b24f0f3dd81640ab7,2745082887,2239.4675130969636,-579.900570972419,FALSE,FALSE,2,increase_[]_inequality_severity risk,,2023-06-17T11:29:47.000Z,Unknown,NA,scoiety
648d992b24f0f3dd81640ab8,676867634,925.6803525102048,-810.1372260953005,FALSE,FALSE,2,increase_['psychosocial']_stress_amount,,2023-06-17T11:29:47.000Z,Unknown,NA,health - mental
648d992b24f0f3dd81640ab9,2486841488,-115.53865178015667,24.239106535152153,FALSE,FALSE,2,decrease_['mother‚Äôs']_education_extent,,2023-06-17T11:29:47.000Z,Unknown,NA,education
648d992b24f0f3dd81640aba,2771152191,2482.967511897966,-718.0349378248847,FALSE,FALSE,2,"decrease_['global', 'per capita']_GDP_amount",,2023-06-17T11:29:47.000Z,Unknown,NA,economy
648d992b24f0f3dd81640abb,3499363686,922.3111249729161,-783.1834060864201,FALSE,FALSE,2,increase_[]_stress_amount,,2023-06-17T11:29:47.000Z,Unknown,NA,health - mental
648d992b24f0f3dd81640abc,2855992146,3050.0299162886504,905.6696878583715,FALSE,FALSE,2,increase_[]_ocean_average temperature,,2023-06-17T11:29:47.000Z,Unknown,NA,ecosystem - aquatic
648d992b24f0f3dd81640abd,4087579291,2405.3704647238715,-269.33314581621494,FALSE,FALSE,2,increase_[]_property_damage,,2023-06-17T11:29:47.000Z,Unknown,NA,society
648d992b24f0f3dd81640abe,4073110571,1264.6047049623587,-542.1426887424158,FALSE,FALSE,2,increase_['extreme']_climate- and weather-related events_duration,,2023-06-17T11:29:47.000Z,Unknown,NA,climate
648d992b24f0f3dd81640abf,3636653992,3526.752086082052,420.509429232215,FALSE,FALSE,2,increase_[]_water_weight redistribution,,2023-06-17T11:29:47.000Z,Unknown,NA,water
648d992b24f0f3dd81640ac0,467324678,-591.6821113855158,489.327860478585,FALSE,FALSE,2,increase_['air']_pollution_exposure,,2023-06-17T11:29:47.000Z,Unknown,NA,pollution
648d992b24f0f3dd81640ac1,2567551455,3149.834357558508,814.9145456493106,FALSE,FALSE,2,increase_[]_ocean_temperatures,,2023-06-17T11:29:47.000Z,Unknown,NA,ecosystem - aquatic
648d992b24f0f3dd81640ac2,154466046,1232.4044288483517,-559.193639756419,FALSE,FALSE,2,increase_[]_natural disasters_consequences,,2023-06-17T11:29:47.000Z,Unknown,NA,disaster
648d992b24f0f3dd81640ac3,380531607,1563.4232904877117,-1049.865450209607,FALSE,FALSE,2,increase_['adulthood']_antisocial behavior_occurrence,,2023-06-17T11:29:47.000Z,Unknown,NA,health - mental
648d992b24f0f3dd81640ac4,3910111755,2510.905020345206,420.21178838442324,FALSE,FALSE,2,increase_[]_rain_deficiency,,2023-06-17T11:29:47.000Z,Unknown,NA,precipitation
648d992b24f0f3dd81640ac5,1814094053,-1081.9942940067954,-587.2655825087288,FALSE,FALSE,2,decrease_[]_climate change_speed,,2023-06-17T11:29:47.000Z,Unknown,NA,climate
648d992b24f0f3dd81640ac6,1372325355,770.3024417787191,457.5006513967288,FALSE,FALSE,2,increase_['autumn']_rain_occurrence,,2023-06-17T11:29:47.000Z,Unknown,NA,precipitation
648d992b24f0f3dd81640ac7,1159391981,2072.1749776704983,1144.392581632952,FALSE,FALSE,2,increase_[]_CO2_atmospheric concentration,,2023-06-17T11:29:47.000Z,Unknown,NA,emissions
648d992b24f0f3dd81640ac8,1530807079,1622.7943144212477,399.33364009321576,FALSE,FALSE,2,increase_['extreme']_heat_occurrence,,2023-06-17T11:29:47.000Z,Unknown,NA,temperature
648d992b24f0f3dd81640ac9,3036492387,2899.522168656843,15.627050404351696,FALSE,FALSE,2,decrease_[]_environment_functioning,,2023-06-17T11:29:47.000Z,Unknown,NA,environment
648d992b24f0f3dd81640aca,3226666986,1833.8752353288814,20.306280875523896,FALSE,FALSE,2,increase_[]_fire_total extinguation,,2023-06-17T11:29:47.000Z,Unknown,NA,extreme climate
648d992b24f0f3dd81640acb,1679286728,-652.1766176131712,95.58744885776656,FALSE,FALSE,2,increase_['parental']_smoking_occurrence,,2023-06-17T11:29:47.000Z,Unknown,NA,pollution
648d992b24f0f3dd81640acc,419252930,2255.2336000541136,1433.2390282643687,FALSE,FALSE,2,increase_['greenhouse']_gas_emissions,,2023-06-17T11:29:47.000Z,Unknown,NA,energy
648d992b24f0f3dd81640acd,3446346762,3902.3894079854476,753.1480567629555,FALSE,FALSE,2,increase_[]_water_volume,,2023-06-17T11:29:47.000Z,Unknown,NA,water
648d992b24f0f3dd81640ace,3651202121,2784.63364658018,-516.3305030643451,FALSE,FALSE,2,increase_['lost']_income_amount,,2023-06-17T11:29:47.000Z,Unknown,NA,economy
648d992b24f0f3dd81640acf,4023692704,739.1041403873576,-620.0079187437606,FALSE,FALSE,2,increase_['debilitating']_joint pain_occurrence,,2023-06-17T11:29:47.000Z,Unknown,NA,health
648d992b24f0f3dd81640ad0,1456806804,1600.8969841888447,1783.4429177182847,FALSE,FALSE,2,increase_['shale']_oil_economic growth,,2023-06-17T11:29:47.000Z,Unknown,NA,energy
648d992b24f0f3dd81640ad1,1408423774,1347.075980413024,-181.80381537090287,FALSE,FALSE,2,increase_['government']_policy_pressure,,2023-06-17T11:29:47.000Z,Unknown,NA,society
648d992b24f0f3dd81640ad2,4228771091,-34.5741173292804,280.82244375920345,FALSE,FALSE,2,increase_[]_misinformation_occurrence,,2023-06-17T11:29:47.000Z,Unknown,NA,scoiety
648d992b24f0f3dd81640ad3,2752199693,1995.1436389556845,836.8994889685707,FALSE,FALSE,2,increase_['human-induced']_climate change_occurrence,,2023-06-17T11:29:47.000Z,Unknown,NA,climate
648d992b24f0f3dd81640ad4,2446025127,105.66017997737845,-574.4285752421039,FALSE,FALSE,2,increase_['housed on site']_chemicals_release,,2023-06-17T11:29:47.000Z,Unknown,NA,materials
648d992b24f0f3dd81640ad5,298638523,2494.2257515187553,-678.6310978145223,FALSE,FALSE,2,decrease_[]_nonfarm_productivity,,2023-06-17T11:29:47.000Z,Unknown,NA,agriculture
648d992b24f0f3dd81640ad6,1834622909,736.3148488826869,465.25846224866564,FALSE,FALSE,2,increase_[]_deluge_occurrence,,2023-06-17T11:29:47.000Z,Unknown,NA,disaster
648d992b24f0f3dd81640ad7,2149999771,295.0015635966088,-18.182690457318472,FALSE,FALSE,2,"increase_['zinc', 'vitamin A']_micronutrient_deficiency",,2023-06-17T11:29:47.000Z,Unknown,NA,health
648d992b24f0f3dd81640ad8,3971570542,3051.3637128545006,531.9200950139772,FALSE,FALSE,2,increase_[]_hurricane_duration,,2023-06-17T11:29:47.000Z,Unknown,NA,disaster
648d992b24f0f3dd81640ad9,2601716719,-904.8074211230698,-598.6478204815222,FALSE,FALSE,2,increase_[]_medicine_efficacy,,2023-06-17T11:29:47.000Z,Unknown,NA,health
